t_ms,clock,phase,roll,pitch,yaw,accel
3032,15:23:33.674,still,8.11,-0.01,81.66,9.59
3060,15:23:33.701,still,5.66,-2.29,81.68,9.6
3110,15:23:33.752,still,5.66,-2.29,81.68,9.59
3162,15:23:33.804,still,5.66,-2.3,81.68,9.59
3210,15:23:33.852,still,5.67,-2.3,81.68,9.56
3263,15:23:33.904,still,5.65,-2.3,81.68,9.56
3312,15:23:33.954,still,5.64,-2.3,81.69,9.59
3361,15:23:34.002,still,5.64,-2.31,81.68,9.6
3413,15:23:34.054,still,5.63,-2.3,81.68,9.56
3460,15:23:34.102,still,5.64,-2.31,81.68,9.59
3513,15:23:34.154,still,5.63,-2.3,81.69,9.59
3562,15:23:34.204,still,5.63,-2.31,81.69,9.6
3611,15:23:34.253,still,5.63,-2.3,81.69,9.59
3663,15:23:34.304,still,5.64,-2.31,81.69,9.56
3710,15:23:34.352,still,5.63,-2.3,81.69,9.56
3761,15:23:34.403,still,5.64,-2.31,81.69,9.56
3813,15:23:34.454,still,5.64,-2.32,81.69,9.6
3861,15:23:34.502,still,5.64,-2.32,81.69,9.55
3913,15:23:34.554,still,5.64,-2.32,81.69,9.56
3961,15:23:34.602,still,5.64,-2.32,81.69,9.6
4013,15:23:34.654,still,5.64,-2.32,81.69,9.6
4061,15:23:34.703,still,5.63,-2.33,81.69,9.59
4110,15:23:34.751,still,5.62,-2.33,81.69,9.56
4161,15:23:34.803,still,5.63,-2.33,81.68,9.59
4210,15:23:34.852,still,5.63,-2.34,81.68,9.56
4260,15:23:34.902,still,5.62,-2.34,81.69,9.56
4310,15:23:34.952,still,5.63,-2.33,81.68,9.56
4360,15:23:35.001,still,5.63,-2.33,81.68,9.6
4410,15:23:35.052,still,5.63,-2.33,81.68,9.59
4460,15:23:35.102,still,5.64,-2.33,81.68,9.59
4513,15:23:35.154,still,5.64,-2.33,81.68,9.6
4561,15:23:35.202,still,5.65,-2.33,81.68,9.6
4610,15:23:35.252,still,5.65,-2.32,81.68,9.56
4661,15:23:35.302,still,5.65,-2.33,81.68,9.59
4709,15:23:35.351,still,5.64,-2.34,81.68,9.56
4761,15:23:35.402,still,5.65,-2.33,81.69,9.59
4811,15:23:35.452,still,5.66,-2.32,81.68,9.6
4860,15:23:35.501,still,5.65,-2.32,81.69,9.6
4910,15:23:35.552,still,5.65,-2.32,81.68,9.56
4960,15:23:35.602,still,5.66,-2.32,81.69,9.56
5011,15:23:35.653,still,5.65,-2.32,81.69,9.59
5061,15:23:35.702,still,5.66,-2.32,81.69,9.6
5111,15:23:35.752,still,5.66,-2.32,81.69,9.56
5161,15:23:35.802,still,5.66,-2.33,81.68,9.6
5210,15:23:35.851,still,5.66,-2.33,81.68,9.56
5260,15:23:35.902,still,5.66,-2.33,81.68,9.59
5313,15:23:35.954,still,5.65,-2.32,81.68,9.6
5360,15:23:36.001,still,5.65,-2.33,81.68,9.56
5410,15:23:36.052,still,5.65,-2.33,81.68,9.56
5460,15:23:36.101,still,5.66,-2.33,81.68,9.56
5511,15:23:36.153,still,5.66,-2.33,81.68,9.56
5562,15:23:36.204,still,5.66,-2.33,81.68,9.56
5610,15:23:36.252,still,5.66,-2.33,81.68,9.56
5661,15:23:36.303,still,5.66,-2.33,81.68,9.6
5710,15:23:36.352,still,5.66,-2.33,81.68,9.6
5761,15:23:36.402,still,5.66,-2.32,81.69,9.56
5812,15:23:36.454,still,5.66,-2.32,81.69,9.56
5860,15:23:36.501,still,5.66,-2.32,81.69,9.6
5911,15:23:36.552,still,5.66,-2.32,81.69,9.56
5960,15:23:36.601,still,5.66,-2.32,81.69,9.56
6011,15:23:36.652,still,5.66,-2.32,81.69,9.56
6064,15:23:36.706,still,5.66,-2.32,81.69,9.56
6110,15:23:36.752,still,5.67,-2.33,81.69,9.6
6161,15:23:36.803,still,5.67,-2.33,81.69,9.56
6210,15:23:36.852,still,5.67,-2.33,81.69,9.6
6261,15:23:36.903,still,5.67,-2.33,81.69,9.59
6312,15:23:36.954,still,5.67,-2.33,81.69,9.56
6360,15:23:37.002,still,5.67,-2.33,81.69,9.56
6411,15:23:37.053,still,5.67,-2.33,81.69,9.56
6460,15:23:37.102,still,5.67,-2.33,81.69,9.56
6511,15:23:37.153,still,5.67,-2.33,81.69,9.55
6563,15:23:37.205,still,5.67,-2.33,81.69,9.59
6610,15:23:37.252,still,5.67,-2.33,81.69,9.56
6661,15:23:37.303,still,5.67,-2.33,81.69,9.59
6710,15:23:37.352,still,5.67,-2.33,81.69,9.56
6760,15:23:37.402,still,5.67,-2.33,81.69,9.56
6813,15:23:37.454,still,5.67,-2.33,81.69,9.56
6860,15:23:37.502,still,5.67,-2.33,81.69,9.59
6911,15:23:37.552,still,5.67,-2.34,81.68,9.56
6961,15:23:37.602,still,5.67,-2.34,81.68,9.6
7011,15:23:37.653,still,5.67,-2.34,81.68,9.56
7063,15:23:37.704,still,5.67,-2.34,81.68,9.6
7110,15:23:37.752,still,5.67,-2.34,81.68,9.56
7161,15:23:37.803,still,5.66,-2.34,81.68,9.56
7211,15:23:37.852,still,5.67,-2.35,81.68,9.56
7262,15:23:37.903,still,5.67,-2.35,81.68,9.59
7313,15:23:37.955,still,5.67,-2.35,81.68,9.56
7361,15:23:38.002,still,5.67,-2.35,81.68,9.56
7412,15:23:38.053,still,5.68,-2.36,81.68,9.6
7461,15:23:38.102,still,5.68,-2.35,81.68,9.6
7512,15:23:38.154,still,5.68,-2.35,81.68,9.56
7564,15:23:38.206,still,5.69,-2.36,81.68,9.56
7611,15:23:38.252,still,5.68,-2.36,81.68,9.56
7662,15:23:38.303,still,5.68,-2.36,81.68,9.59
7711,15:23:38.352,still,5.68,-2.36,81.68,9.56
7762,15:23:38.403,still,5.68,-2.36,81.68,9.56
7812,15:23:38.454,still,5.68,-2.36,81.68,9.56
7859,15:23:38.501,still,5.68,-2.35,81.68,9.6
7912,15:23:38.553,still,5.68,-2.35,81.68,9.59
7959,15:23:38.601,still,5.68,-2.35,81.68,9.6
8010,15:23:38.652,still,5.68,-2.35,81.68,9.56
8063,15:23:38.704,still,5.68,-2.34,81.69,9.56
8109,15:23:38.751,still,5.68,-2.34,81.69,9.55
8164,15:23:38.805,still,5.68,-2.34,81.69,9.6
8211,15:23:38.852,still,5.68,-2.34,81.69,9.56
8261,15:23:38.903,still,5.68,-2.34,81.69,9.6
8313,15:23:38.955,still,5.68,-2.34,81.69,9.59
8359,15:23:39.001,still,5.68,-2.34,81.69,9.56
8413,15:23:39.054,still,5.68,-2.34,81.69,9.56
8459,15:23:39.101,still,5.68,-2.34,81.69,9.56
8514,15:23:39.156,still,5.69,-2.35,81.69,9.56
8564,15:23:39.206,still,5.69,-2.35,81.69,9.56
8610,15:23:39.252,still,5.69,-2.35,81.69,9.56
8664,15:23:39.305,still,5.69,-2.35,81.69,9.59
8709,15:23:39.351,still,5.69,-2.35,81.69,9.56
8764,15:23:39.405,still,5.7,-2.35,81.69,9.56
8815,15:23:39.456,still,5.7,-2.35,81.69,9.6
8860,15:23:39.502,still,5.7,-2.35,81.69,9.56
8914,15:23:39.555,still,5.7,-2.35,81.69,9.56
8959,15:23:39.601,still,5.7,-2.35,81.69,9.56
9014,15:23:39.656,still,5.7,-2.35,81.69,9.56
9063,15:23:39.705,still,5.7,-2.35,81.69,9.56
9109,15:23:39.751,still,5.7,-2.36,81.69,9.56
9164,15:23:39.805,still,5.7,-2.36,81.69,9.56
9209,15:23:39.851,still,5.7,-2.36,81.69,9.56
9264,15:23:39.906,still,5.69,-2.36,81.68,9.56
9305,15:23:39.947,still,5.69,-2.36,81.68,9.56
9366,15:23:40.008,still,5.69,-2.36,81.68,9.56
9414,15:23:40.056,still,5.7,-2.36,81.69,9.56
9456,15:23:40.098,still,5.7,-2.36,81.69,9.56
9516,15:23:40.157,still,5.7,-2.36,81.69,9.56
9556,15:23:40.198,still,5.7,-2.36,81.69,9.55
9616,15:23:40.257,still,5.7,-2.36,81.69,9.56
9664,15:23:40.306,still,5.7,-2.36,81.69,9.59
9706,15:23:40.348,still,5.7,-2.36,81.69,9.56
9766,15:23:40.408,still,5.7,-2.37,81.68,9.56
9806,15:23:40.448,still,5.7,-2.37,81.68,9.56
9866,15:23:40.507,still,5.7,-2.37,81.68,9.59
9914,15:23:40.556,still,5.69,-2.37,81.68,9.59
9956,15:23:40.598,still,5.69,-2.37,81.68,9.6
10016,15:23:40.657,still,5.69,-2.37,81.68,9.6
10056,15:23:40.698,still,5.69,-2.37,81.68,9.56
10116,15:23:40.758,still,5.68,-2.37,81.68,9.6
10164,15:23:40.806,still,5.69,-2.37,81.68,9.56
10211,15:23:40.852,still,5.69,-2.37,81.68,9.56
10265,15:23:40.906,still,5.69,-2.37,81.68,9.6
10306,15:23:40.948,still,5.69,-2.37,81.68,9.56
10366,15:23:41.008,still,5.7,-2.37,81.68,9.56
10415,15:23:41.056,still,5.69,-2.37,81.68,9.6
10456,15:23:41.098,still,5.69,-2.37,81.68,9.56
10516,15:23:41.158,still,5.69,-2.37,81.68,9.56
10557,15:23:41.198,still,5.69,-2.37,81.68,9.59
10616,15:23:41.258,still,5.68,-2.36,81.68,9.56
10665,15:23:41.307,still,5.7,-2.37,81.68,9.59
10707,15:23:41.348,still,5.7,-2.37,81.68,9.6
10767,15:23:41.408,still,5.68,-2.36,81.68,9.6
10807,15:23:41.448,still,5.68,-2.36,81.68,9.55
10866,15:23:41.508,still,5.67,-2.37,81.68,9.6
10914,15:23:41.556,still,5.67,-2.37,81.68,9.59
10956,15:23:41.598,still,5.67,-2.37,81.68,9.56
11016,15:23:41.657,still,5.67,-2.37,81.68,9.6
11056,15:23:41.698,still,5.67,-2.37,81.68,9.56
11116,15:23:41.758,still,5.67,-2.37,81.68,9.56
11164,15:23:41.806,still,5.68,-2.38,81.67,9.59
11206,15:23:41.848,still,5.68,-2.38,81.67,9.56
11266,15:23:41.908,still,5.67,-2.39,81.68,9.56
11306,15:23:41.948,still,5.67,-2.39,81.68,9.56
11366,15:23:42.008,still,5.69,-2.39,81.68,9.56
11416,15:23:42.057,still,5.67,-2.4,81.68,9.59
11456,15:23:42.098,still,5.67,-2.4,81.68,9.56
11517,15:23:42.158,still,5.69,-2.41,81.67,9.56
11556,15:23:42.198,still,5.69,-2.41,81.67,9.56
11616,15:23:42.258,still,5.69,-2.42,81.67,9.56
11665,15:23:42.307,still,5.69,-2.42,81.67,9.59
11706,15:23:42.348,still,5.69,-2.42,81.67,9.56
11766,15:23:42.408,still,5.69,-2.43,81.66,9.55
11807,15:23:42.449,still,5.69,-2.43,81.66,9.56
11867,15:23:42.509,still,5.68,-2.43,81.67,9.59
11914,15:23:42.555,still,5.67,-2.43,81.67,9.56
11957,15:23:42.599,still,5.67,-2.43,81.67,9.59
12017,15:23:42.659,still,5.67,-2.44,81.67,9.56
12057,15:23:42.699,still,5.67,-2.44,81.67,9.6
12117,15:23:42.759,still,5.66,-2.44,81.68,9.56
12164,15:23:42.806,still,5.68,-2.45,81.67,9.6
12207,15:23:42.849,still,5.68,-2.45,81.67,9.56
12267,15:23:42.909,still,5.67,-2.46,81.67,9.59
12307,15:23:42.949,still,5.67,-2.46,81.67,9.56
12367,15:23:43.009,still,5.66,-2.47,81.67,9.6
12416,15:23:43.057,still,5.67,-2.47,81.67,9.6
12457,15:23:43.099,still,5.67,-2.47,81.67,9.56
12518,15:23:43.159,still,5.66,-2.47,81.68,9.55
12557,15:23:43.199,still,5.66,-2.47,81.68,9.56
12615,15:23:43.257,still,5.66,-2.48,81.68,9.56
12664,15:23:43.305,still,5.66,-2.48,81.68,9.59
12707,15:23:43.349,still,5.66,-2.48,81.67,9.6
12767,15:23:43.409,still,5.67,-2.48,81.67,9.6
12807,15:23:43.449,still,5.67,-2.48,81.67,9.6
12868,15:23:43.509,still,5.67,-2.47,81.67,9.56
12915,15:23:43.557,still,5.67,-2.47,81.67,9.59
12958,15:23:43.599,still,5.67,-2.47,81.67,9.56
16032,15:23:46.674,roll,6.46,19.07,61.51,9.56
16056,15:23:46.698,roll,6.46,19.07,61.51,8.84
16111,15:23:46.753,roll,-2.72,20.42,59.01,8.93
16167,15:23:46.809,roll,-9.37,20.82,56.49,9.34
16206,15:23:46.848,roll,-14.45,20.47,53.5,8.2
16262,15:23:46.903,roll,-19.15,18.48,49.95,10.13
16311,15:23:46.952,roll,-24.6,16.97,47.78,7.45
16362,15:23:47.003,roll,-31.04,12.71,47.01,11.66
16419,15:23:47.061,roll,-43.4,10.86,44.11,10.92
16456,15:23:47.098,roll,-43.4,10.86,44.11,9.19
16512,15:23:47.153,roll,-49.44,11.07,41.96,9.44
16561,15:23:47.203,roll,-58.58,9.9,39.83,10.12
16611,15:23:47.253,roll,-64.13,9.57,37.6,9.21
16671,15:23:47.313,roll,-70.8,8.53,36.0,9.26
16707,15:23:47.348,roll,-70.8,8.53,36.0,10.37
16762,15:23:47.403,roll,-72.18,8.27,35.46,10.56
16811,15:23:47.453,roll,-69.76,8.98,35.94,10.45
16862,15:23:47.503,roll,-65.38,10.13,36.9,9.83
16918,15:23:47.560,roll,-50.35,12.69,41.04,9.45
16957,15:23:47.598,roll,-50.35,12.69,41.04,8.93
17012,15:23:47.654,roll,-40.49,12.22,44.71,11.31
17062,15:23:47.704,roll,-25.35,13.6,47.64,6.62
17112,15:23:47.754,roll,-13.01,10.6,51.59,10.76
17167,15:23:47.809,roll,-0.17,10.21,53.94,9.82
17207,15:23:47.849,roll,8.54,8.27,55.5,11.65
17262,15:23:47.904,roll,16.83,8.79,57.13,7.77
17312,15:23:47.953,roll,22.88,7.1,57.84,11.06
17363,15:23:48.004,roll,29.2,9.02,60.02,6.35
17419,15:23:48.061,roll,38.53,8.0,60.64,7.29
17457,15:23:48.099,roll,38.53,8.0,60.64,10.36
17513,15:23:48.154,roll,42.41,7.14,60.57,9.76
17562,15:23:48.204,roll,46.05,6.68,60.31,10.26
17612,15:23:48.254,roll,48.79,6.51,60.15,9.27
17664,15:23:48.306,roll,50.61,6.11,59.7,9.3
17711,15:23:48.353,roll,50.69,5.92,59.93,9.94
17764,15:23:48.406,roll,48.92,5.95,59.99,11.46
17811,15:23:48.453,roll,42.06,7.12,60.32,9.06
17862,15:23:48.504,roll,30.79,8.92,60.21,9.48
17914,15:23:48.556,roll,17.5,11.98,59.63,9.2
17963,15:23:48.604,roll,4.3,13.41,58.29,9.4
18014,15:23:48.656,roll,-6.87,13.68,56.14,7.64
18061,15:23:48.703,roll,-16.46,14.03,53.93,9.94
18112,15:23:48.754,roll,-25.24,13.19,51.44,9.57
18165,15:23:48.806,roll,-32.21,11.81,49.78,10.61
18212,15:23:48.853,roll,-37.74,11.04,48.05,9.25
18262,15:23:48.904,roll,-42.91,10.09,46.05,10.4
18311,15:23:48.953,roll,-47.32,9.42,44.68,9.17
18362,15:23:49.004,roll,-51.4,8.44,43.95,10.48
18415,15:23:49.057,roll,-55.02,7.9,43.25,9.68
18462,15:23:49.104,roll,-58.48,7.5,42.74,8.83
18515,15:23:49.157,roll,-61.39,6.41,42.99,10.8
18562,15:23:49.204,roll,-63.25,6.52,42.83,9.17
18612,15:23:49.254,roll,-64.35,6.37,43.03,10.39
18661,15:23:49.302,roll,-63.94,6.9,43.27,9.32
18711,15:23:49.353,roll,-61.15,7.54,43.62,11.21
18764,15:23:49.406,roll,-53.25,9.57,44.68,7.55
18811,15:23:49.453,roll,-42.64,10.64,45.11,11.08
18862,15:23:49.504,roll,-29.1,11.61,46.49,9.96
18911,15:23:49.552,roll,-17.31,11.52,48.95,8.44
18961,15:23:49.603,roll,-5.35,9.45,51.04,8.95
19014,15:23:49.656,roll,6.49,9.22,53.22,11.12
19062,15:23:49.704,roll,15.38,7.41,54.31,9.1
19113,15:23:49.755,roll,22.52,6.3,55.78,10.06
19161,15:23:49.802,roll,28.35,6.07,56.82,8.95
19212,15:23:49.854,roll,33.61,5.39,56.85,10.56
19262,15:23:49.904,roll,39.22,6.8,58.82,7.67
19311,15:23:49.953,roll,43.75,5.9,58.19,9.83
19362,15:23:50.004,roll,48.26,6.27,59.05,8.71
19411,15:23:50.052,roll,51.72,6.09,59.22,8.99
19462,15:23:50.104,roll,55.05,5.58,58.54,10.47
19512,15:23:50.154,roll,57.3,5.83,59.11,8.76
19561,15:23:50.203,roll,59.18,5.25,57.78,9.57
19612,15:23:50.254,roll,60.49,5.31,58.58,9.31
19661,15:23:50.303,roll,61.57,5.26,58.48,9.32
19712,15:23:50.354,roll,62.53,5.22,57.91,9.63
19762,15:23:50.404,roll,62.15,5.33,58.79,9.94
19811,15:23:50.453,roll,61.95,5.16,58.29,9.29
19862,15:23:50.504,roll,60.08,5.23,58.9,10.4
19911,15:23:50.553,roll,57.43,5.09,57.74,10.3
19962,15:23:50.604,roll,51.39,7.23,59.69,5.93
20012,15:23:50.654,roll,44.74,7.09,56.58,11.61
20061,15:23:50.703,roll,35.75,8.9,56.42,9.56
20112,15:23:50.754,roll,29.66,9.54,55.86,8.65
20161,15:23:50.803,roll,23.37,10.17,55.61,8.41
20212,15:23:50.854,roll,17.81,10.06,54.89,10.26
20262,15:23:50.904,roll,11.98,10.3,54.0,9.17
20312,15:23:50.953,roll,5.24,10.34,54.02,10.61
20362,15:23:51.004,roll,-1.32,10.67,53.62,9.77
20411,15:23:51.053,roll,-7.81,10.48,53.07,10.28
20462,15:23:51.104,roll,-12.43,10.62,53.58,8.82
20512,15:23:51.154,roll,-18.41,10.13,53.54,10.45
20561,15:23:51.203,roll,-23.52,10.54,53.9,8.67
20612,15:23:51.254,roll,-28.76,9.99,53.92,10.73
20661,15:23:51.303,roll,-33.11,9.97,53.16,9.66
20712,15:23:51.354,roll,-38.66,9.02,53.13,7.53
20763,15:23:51.404,roll,-43.97,7.98,52.7,11.36
20812,15:23:51.453,roll,-49.12,7.9,52.12,9.26
20863,15:23:51.505,roll,-55.07,6.77,51.72,10.78
20912,15:23:51.553,roll,-59.64,6.87,51.65,9.78
20962,15:23:51.604,roll,-64.05,6.53,50.51,10.23
21013,15:23:51.654,roll,-67.7,5.94,49.46,10.57
21061,15:23:51.703,roll,-69.59,5.8,48.65,10.31
21112,15:23:51.754,roll,-71.32,5.82,47.96,10.88
21161,15:23:51.803,roll,-72.38,6.01,47.66,10.38
21213,15:23:51.854,roll,-72.77,6.4,47.26,9.43
21266,15:23:51.908,roll,-73.2,6.47,46.94,10.53
21312,15:23:51.953,roll,-72.92,6.75,46.83,9.22
21363,15:23:52.004,roll,-72.03,6.74,47.15,9.54
21412,15:23:52.053,roll,-69.68,7.06,47.37,9.37
21462,15:23:52.104,roll,-64.48,7.37,48.2,10.7
21516,15:23:52.158,roll,-57.71,8.11,48.98,9.54
21562,15:23:52.203,roll,-49.55,6.93,49.9,13.14
21613,15:23:52.254,roll,-41.67,7.67,50.94,7.88
21661,15:23:52.303,roll,-32.98,6.78,50.9,10.34
21713,15:23:52.355,roll,-26.59,6.34,52.28,10.01
21767,15:23:52.408,roll,-20.71,5.95,52.49,11.79
21812,15:23:52.453,roll,-14.84,5.76,53.14,7.88
21863,15:23:52.504,roll,-11.2,5.11,54.84,10.5
21912,15:23:52.553,roll,-5.45,5.5,55.18,8.4
21962,15:23:52.604,roll,-0.05,4.5,56.72,10.09
22017,15:23:52.659,roll,6.41,5.25,57.87,11.5
22062,15:23:52.704,roll,11.49,3.7,58.03,10.42
22113,15:23:52.755,roll,15.76,5.37,58.53,7.02
22162,15:23:52.804,roll,20.21,4.89,58.34,9.16
22213,15:23:52.855,roll,25.71,5.17,58.15,10.45
22265,15:23:52.906,roll,30.58,4.89,56.98,8.83
22310,15:23:52.952,roll,35.55,4.37,55.25,10.02
22362,15:23:53.004,roll,40.14,4.67,55.06,9.27
22412,15:23:53.054,roll,45.08,4.18,53.87,9.55
22463,15:23:53.104,roll,48.71,4.06,53.39,8.71
22514,15:23:53.156,roll,52.15,3.65,52.52,9.78
22562,15:23:53.204,roll,54.96,3.46,51.88,9.11
22612,15:23:53.254,roll,56.58,3.16,51.76,10.29
22661,15:23:53.302,roll,58.56,3.38,51.81,8.84
22713,15:23:53.354,roll,59.17,3.08,51.31,9.67
22764,15:23:53.406,roll,58.75,3.4,52.52,9.85
22812,15:23:53.453,roll,57.99,3.31,52.71,9.84
22862,15:23:53.503,roll,56.62,3.65,52.95,9.0
22911,15:23:53.552,roll,53.72,3.92,53.03,9.78
22963,15:23:53.604,roll,50.02,5.03,53.01,7.88
23016,15:23:53.657,roll,44.33,5.27,51.6,9.64
23061,15:23:53.703,roll,38.75,5.95,52.1,8.71
23112,15:23:53.753,roll,34.12,5.76,51.32,10.56
23161,15:23:53.802,roll,29.18,6.82,51.88,9.14
23213,15:23:53.854,roll,24.69,7.03,51.15,9.14
23265,15:23:53.906,roll,18.88,7.78,51.14,9.97
23311,15:23:53.952,roll,13.34,8.14,50.29,9.41
23362,15:23:54.003,roll,6.99,8.59,50.18,8.89
23413,15:23:54.054,roll,0.16,8.49,50.11,9.88
23464,15:23:54.106,roll,-4.9,8.43,49.3,9.92
23515,15:23:54.157,roll,-9.27,8.62,49.31,9.51
23561,15:23:54.203,roll,-13.21,8.38,48.65,9.61
23613,15:23:54.254,roll,-17.09,8.08,49.26,9.85
23661,15:23:54.302,roll,-21.36,8.0,48.32,9.36
23714,15:23:54.355,roll,-25.21,7.48,49.31,10.42
23765,15:23:54.407,roll,-28.09,7.14,48.79,9.08
23811,15:23:54.452,roll,-30.72,6.69,48.77,10.64
23861,15:23:54.502,roll,-32.59,6.69,48.69,10.16
23911,15:23:54.552,roll,-34.36,6.71,48.73,10.29
23961,15:23:54.603,roll,-36.37,7.13,48.65,8.82
24016,15:23:54.657,roll,-39.32,7.0,48.38,9.87
24061,15:23:54.703,roll,-41.81,7.47,47.96,9.23
24113,15:23:54.754,roll,-44.47,7.53,47.6,9.78
24161,15:23:54.803,roll,-47.15,7.56,47.24,9.37
24211,15:23:54.853,roll,-49.24,7.34,46.97,9.66
24264,15:23:54.906,roll,-50.94,7.28,46.78,9.39
24310,15:23:54.952,roll,-51.82,7.38,46.61,10.22
24361,15:23:55.003,roll,-52.03,7.64,46.57,9.59
24410,15:23:55.052,roll,-51.78,7.46,46.91,10.75
24460,15:23:55.102,roll,-50.27,7.9,47.34,10.98
24515,15:23:55.157,roll,-46.76,8.41,47.12,9.01
24560,15:23:55.202,roll,-41.63,8.36,47.33,10.27
24611,15:23:55.253,roll,-36.97,8.71,47.49,10.52
24660,15:23:55.302,roll,-33.33,8.65,48.53,9.93
24711,15:23:55.353,roll,-29.42,8.88,48.69,9.75
24765,15:23:55.406,roll,-25.75,8.92,49.71,9.42
24810,15:23:55.452,roll,-21.61,8.7,49.94,10.12
24860,15:23:55.502,roll,-17.82,8.65,50.11,10.37
24910,15:23:55.552,roll,-13.13,8.62,50.24,10.57
24960,15:23:55.602,roll,-9.74,9.14,50.15,8.68
25009,15:23:55.651,roll,-6.05,8.57,50.47,10.63
25061,15:23:55.703,roll,-1.73,8.92,50.72,9.06
25111,15:23:55.753,roll,1.93,8.26,50.77,11.0
25161,15:23:55.802,roll,6.05,8.41,51.13,9.18
25211,15:23:55.852,roll,10.53,7.69,51.31,8.92
25260,15:23:55.902,roll,14.76,7.35,51.73,9.1
25311,15:23:55.953,roll,18.16,6.57,52.14,10.27
25361,15:23:56.003,roll,21.1,6.66,52.73,8.85
25411,15:23:56.053,roll,24.07,5.83,52.83,10.34
25461,15:23:56.103,roll,27.23,6.28,53.24,9.69
25510,15:23:56.152,roll,30.69,5.64,53.02,10.01
25561,15:23:56.203,roll,34.01,5.66,53.3,9.93
25611,15:23:56.253,roll,36.57,5.25,53.5,10.23
25661,15:23:56.302,roll,38.85,5.36,54.28,9.88
25712,15:23:56.353,roll,41.85,5.29,54.3,9.37
25761,15:23:56.402,roll,43.2,5.31,55.21,9.7
25812,15:23:56.453,roll,44.71,5.21,55.46,9.44
25861,15:23:56.503,roll,45.24,5.58,56.07,9.0
25911,15:23:56.553,roll,45.12,5.57,56.0,9.07
25961,15:23:56.603,roll,44.24,5.48,55.9,9.82
26010,15:23:56.652,roll,43.56,5.71,55.93,9.23
26061,15:23:56.703,roll,40.38,5.71,55.5,9.81
26111,15:23:56.753,roll,35.19,6.66,56.58,10.95
26162,15:23:56.803,roll,30.67,6.21,55.31,10.31
26212,15:23:56.853,roll,25.31,7.06,56.22,8.73
26264,15:23:56.905,roll,21.36,7.15,55.93,9.61
26311,15:23:56.953,roll,16.28,8.24,56.06,8.68
26362,15:23:57.004,roll,12.73,8.34,56.15,10.16
26412,15:23:57.053,roll,9.54,8.51,55.29,9.47
26462,15:23:57.104,roll,5.86,8.59,55.43,9.27
26516,15:23:57.157,roll,1.62,8.36,54.97,10.27
26562,15:23:57.203,roll,-2.51,8.03,54.95,9.77
26612,15:23:57.254,roll,-4.98,8.02,54.68,9.34
26662,15:23:57.303,roll,-8.19,7.2,54.8,11.05
26712,15:23:57.353,roll,-11.95,7.58,55.14,9.08
26761,15:23:57.403,roll,-16.67,6.84,55.44,10.81
26812,15:23:57.453,roll,-20.49,7.27,55.24,8.91
26862,15:23:57.504,roll,-25.35,6.55,55.53,10.87
26912,15:23:57.553,roll,-29.27,6.52,54.54,9.5
26962,15:23:57.604,roll,-32.24,5.91,54.47,9.0
27011,15:23:57.653,roll,-34.78,5.9,54.33,9.46
27061,15:23:57.703,roll,-36.58,5.37,54.14,10.4
27115,15:23:57.756,roll,-38.47,5.33,54.03,9.35
27162,15:23:57.804,roll,-40.51,5.14,54.09,10.15
27211,15:23:57.853,roll,-42.47,5.08,53.95,9.8
27261,15:23:57.903,roll,-44.8,5.28,53.61,9.1
27311,15:23:57.953,roll,-47.17,5.18,53.39,9.98
27364,15:23:58.006,roll,-48.93,5.41,53.01,10.29
27412,15:23:58.053,roll,-50.19,5.45,53.21,9.7
27462,15:23:58.104,roll,-51.4,5.65,53.0,10.14
27511,15:23:58.153,roll,-52.03,5.44,53.47,9.97
27562,15:23:58.204,roll,-51.9,5.55,53.21,9.85
27614,15:23:58.256,roll,-51.54,5.45,53.33,9.91
27662,15:23:58.304,roll,-49.62,5.96,52.81,10.25
27713,15:23:58.355,roll,-47.48,6.26,53.28,10.17
27762,15:23:58.403,roll,-45.97,6.48,53.28,9.71
27812,15:23:58.454,roll,-41.8,6.88,53.46,9.33
27865,15:23:58.506,roll,-37.33,6.53,54.48,11.51
27911,15:23:58.553,roll,-31.67,6.29,54.64,9.96
27962,15:23:58.604,roll,-27.46,6.19,55.2,11.05
28012,15:23:58.653,roll,-24.44,6.11,55.67,9.76
28062,15:23:58.704,roll,-19.01,6.07,55.28,10.14
28115,15:23:58.756,roll,-14.81,6.29,55.5,7.75
28161,15:23:58.803,roll,-9.96,6.53,55.65,10.63
28214,15:23:58.855,roll,-5.54,7.2,55.92,8.3
28261,15:23:58.903,roll,-2.16,6.43,55.87,11.01
28312,15:23:58.954,roll,0.87,6.98,56.16,9.08
28364,15:23:59.005,roll,3.97,6.42,56.07,9.21
28411,15:23:59.053,roll,7.3,6.27,56.5,9.36
28461,15:23:59.103,roll,10.99,5.93,56.69,8.66
28512,15:23:59.153,roll,13.79,5.56,56.6,10.29
28562,15:23:59.204,roll,17.67,5.89,56.57,8.95
28614,15:23:59.256,roll,20.13,5.58,56.55,8.06
28662,15:23:59.304,roll,23.7,5.87,56.39,9.6
28712,15:23:59.354,roll,26.7,6.11,55.97,7.88
28762,15:23:59.404,roll,28.87,5.54,54.72,10.09
28812,15:23:59.454,roll,30.26,5.93,55.05,9.1
28866,15:23:59.507,roll,32.43,5.81,54.86,9.78
28913,15:23:59.555,roll,33.97,5.85,55.39,9.34
28962,15:23:59.604,roll,35.25,5.6,55.49,10.14
29011,15:23:59.653,roll,35.82,5.83,56.15,9.16
29062,15:23:59.704,roll,36.14,5.66,56.08,9.58
29115,15:23:59.757,roll,36.06,5.88,56.33,10.43
29162,15:23:59.803,roll,35.11,6.07,56.81,8.89
29212,15:23:59.854,roll,34.0,5.9,56.55,9.87
29261,15:23:59.903,roll,30.98,6.1,56.73,9.72
29312,15:23:59.954,roll,27.68,6.75,56.31,8.66
29365,15:24:00.006,roll,24.31,6.44,55.55,10.53
29411,15:24:00.053,roll,18.65,7.75,55.36,8.53
29462,15:24:00.104,roll,13.91,8.39,54.69,9.76
29511,15:24:00.153,roll,7.83,9.4,53.57,8.51
29562,15:24:00.204,roll,3.4,9.54,53.75,9.29
29615,15:24:00.257,roll,-0.99,9.61,53.4,9.19
29661,15:24:00.303,roll,-4.86,9.3,53.19,10.2
29712,15:24:00.354,roll,-8.43,9.39,52.54,9.79
29761,15:24:00.403,roll,-12.36,9.33,52.27,9.37
29812,15:24:00.454,roll,-14.48,8.92,51.55,10.29
29865,15:24:00.506,roll,-16.94,8.85,51.71,9.79
29911,15:24:00.553,roll,-19.39,8.46,50.9,10.43
29961,15:24:00.603,roll,-20.95,8.47,50.96,9.86
30011,15:24:00.653,roll,-23.31,8.52,50.39,9.53
30063,15:24:00.704,roll,-26.52,8.38,50.25,9.57
30116,15:24:00.758,roll,-31.62,8.14,49.91,10.52
30162,15:24:00.803,roll,-34.96,7.74,49.27,9.58
30212,15:24:00.854,roll,-36.95,7.26,48.81,9.79
30262,15:24:00.903,roll,-39.35,6.97,48.52,10.01
30312,15:24:00.954,roll,-41.06,6.98,48.27,9.25
30365,15:24:01.007,roll,-43.7,6.44,48.15,10.58
30412,15:24:01.053,roll,-45.45,6.42,47.74,9.22
30461,15:24:01.103,roll,-47.59,5.81,47.18,11.45
30511,15:24:01.153,roll,-49.17,5.78,46.55,9.53
30563,15:24:01.204,roll,-50.69,5.6,46.25,10.52
30616,15:24:01.257,roll,-52.37,5.58,45.81,9.04
30661,15:24:01.303,roll,-52.91,5.39,45.6,10.75
30713,15:24:01.354,roll,-52.94,5.77,45.39,9.28
30762,15:24:01.404,roll,-52.67,5.64,45.4,10.75
30813,15:24:01.454,roll,-51.32,6.12,45.52,9.85
30865,15:24:01.507,roll,-48.91,6.33,45.53,10.39
30912,15:24:01.553,roll,-43.36,7.44,45.43,9.23
30962,15:24:01.604,roll,-36.3,7.9,45.61,9.6
34031,15:24:04.673,pitch,-24.96,7.76,47.22,9.16
34060,15:24:04.702,pitch,4.93,16.53,55.96,10.56
34110,15:24:04.752,pitch,4.57,19.51,56.33,7.76
34161,15:24:04.803,pitch,4.71,21.11,56.49,9.99
34213,15:24:04.855,pitch,4.22,23.45,56.53,10.55
34260,15:24:04.902,pitch,3.84,25.82,56.34,8.61
34311,15:24:04.952,pitch,3.72,27.34,56.2,9.22
34360,15:24:05.002,pitch,3.34,28.55,56.01,9.32
34412,15:24:05.053,pitch,3.29,29.96,55.96,8.76
34465,15:24:05.107,pitch,2.92,30.59,55.85,9.09
34511,15:24:05.152,pitch,2.69,30.92,55.59,9.13
34562,15:24:05.203,pitch,2.61,30.19,55.38,10.66
34610,15:24:05.252,pitch,2.93,30.61,55.6,8.21
34662,15:24:05.304,pitch,3.19,29.38,55.59,8.41
34715,15:24:05.357,pitch,3.53,27.2,55.5,7.7
34760,15:24:05.402,pitch,3.8,23.76,55.19,11.24
34811,15:24:05.453,pitch,4.56,24.35,56.23,3.59
34861,15:24:05.503,pitch,3.49,15.49,54.36,21.05
34911,15:24:05.553,pitch,5.2,16.07,55.63,7.7
34964,15:24:05.606,pitch,4.69,11.84,54.39,7.67
35011,15:24:05.653,pitch,3.89,11.48,54.9,8.02
35062,15:24:05.703,pitch,3.04,9.28,54.21,8.84
35111,15:24:05.753,pitch,1.88,7.23,53.76,7.95
35162,15:24:05.803,pitch,2.44,5.94,53.57,6.55
35214,15:24:05.855,pitch,1.98,2.9,53.26,11.77
35261,15:24:05.903,pitch,2.28,2.17,53.44,7.8
35312,15:24:05.953,pitch,1.91,-0.46,52.93,11.46
35361,15:24:06.002,pitch,1.98,-1.52,53.2,6.86
35412,15:24:06.053,pitch,2.17,-4.56,52.65,11.27
35464,15:24:06.106,pitch,2.25,-6.23,52.93,10.99
35512,15:24:06.153,pitch,2.33,-8.14,52.33,9.44
35562,15:24:06.204,pitch,1.82,-10.29,52.65,10.06
35611,15:24:06.253,pitch,1.29,-11.81,52.74,10.01
35662,15:24:06.303,pitch,0.62,-14.02,52.84,11.01
35717,15:24:06.358,pitch,0.67,-15.03,52.73,8.97
35762,15:24:06.403,pitch,0.21,-17.18,52.94,9.73
35812,15:24:06.453,pitch,0.36,-18.75,52.96,9.45
35862,15:24:06.503,pitch,-0.12,-20.16,53.14,9.97
35912,15:24:06.553,pitch,-0.46,-21.15,53.21,9.91
35964,15:24:06.606,pitch,-0.44,-21.62,53.37,9.73
36012,15:24:06.653,pitch,-0.34,-22.3,53.37,10.2
36062,15:24:06.704,pitch,-0.32,-21.8,53.37,8.95
36112,15:24:06.754,pitch,-0.19,-21.59,53.15,11.63
36163,15:24:06.804,pitch,-0.13,-19.6,53.46,9.72
36215,15:24:06.857,pitch,1.05,-17.75,53.96,9.5
36262,15:24:06.904,pitch,1.53,-15.29,53.72,9.69
36312,15:24:06.954,pitch,3.27,-13.11,53.69,10.45
36362,15:24:07.004,pitch,3.55,-10.52,53.54,9.86
36413,15:24:07.055,pitch,3.83,-9.55,53.19,12.95
36465,15:24:07.107,pitch,4.31,-5.83,53.64,9.85
36512,15:24:07.154,pitch,4.91,-4.12,53.77,10.98
36563,15:24:07.205,pitch,4.99,-1.39,54.05,9.71
36612,15:24:07.253,pitch,4.26,1.11,54.18,10.64
36663,15:24:07.305,pitch,4.28,3.58,54.42,11.01
36715,15:24:07.357,pitch,4.33,7.02,54.88,7.35
36761,15:24:07.403,pitch,4.29,8.36,54.89,11.89
36812,15:24:07.454,pitch,4.46,11.94,55.2,8.49
36861,15:24:07.502,pitch,4.11,14.21,55.02,10.31
36912,15:24:07.553,pitch,3.75,16.17,54.65,10.41
36965,15:24:07.606,pitch,3.74,18.99,54.46,8.67
37012,15:24:07.654,pitch,3.89,20.55,54.34,10.58
37063,15:24:07.705,pitch,4.63,21.88,54.64,10.4
37111,15:24:07.753,pitch,5.38,22.92,54.78,10.2
37162,15:24:07.804,pitch,5.51,24.0,54.89,9.95
37215,15:24:07.857,pitch,5.02,25.54,55.06,8.25
37262,15:24:07.904,pitch,5.05,25.73,55.0,9.44
37312,15:24:07.954,pitch,5.05,25.2,54.89,10.9
37361,15:24:08.003,pitch,4.8,25.52,54.87,8.76
37412,15:24:08.054,pitch,4.6,24.92,54.71,10.09
37465,15:24:08.106,pitch,4.66,24.74,54.81,9.69
37512,15:24:08.154,pitch,5.25,23.76,54.92,9.02
37562,15:24:08.204,pitch,5.42,22.03,54.84,8.37
37613,15:24:08.254,pitch,5.61,19.23,54.21,12.59
37663,15:24:08.305,pitch,5.73,17.68,54.34,8.47
37714,15:24:08.356,pitch,5.72,15.61,53.69,4.48
37762,15:24:08.404,pitch,4.78,12.24,53.23,10.69
37811,15:24:08.453,pitch,5.18,10.41,52.88,7.84
37861,15:24:08.503,pitch,4.73,7.17,52.55,10.59
37912,15:24:08.554,pitch,5.45,6.47,52.89,6.26
37964,15:24:08.606,pitch,4.96,2.92,52.3,9.46
38011,15:24:08.653,pitch,4.7,1.74,52.45,7.55
38061,15:24:08.703,pitch,4.8,-1.62,51.8,11.04
38111,15:24:08.753,pitch,4.94,-2.86,51.93,7.81
38162,15:24:08.803,pitch,4.98,-6.09,51.23,12.07
38215,15:24:08.856,pitch,5.04,-7.66,51.61,10.04
38262,15:24:08.904,pitch,5.36,-10.97,51.18,11.96
38311,15:24:08.953,pitch,5.42,-12.25,51.25,9.4
38362,15:24:09.003,pitch,5.45,-14.53,51.21,9.82
38412,15:24:09.054,pitch,5.49,-16.05,51.28,8.74
38465,15:24:09.106,pitch,5.24,-18.42,51.36,10.91
38512,15:24:09.154,pitch,5.14,-19.81,51.32,9.26
38562,15:24:09.203,pitch,4.99,-21.55,51.38,11.79
38611,15:24:09.253,pitch,4.97,-21.96,51.49,9.01
38663,15:24:09.304,pitch,4.89,-23.18,51.55,10.4
38715,15:24:09.357,pitch,4.78,-23.48,51.49,9.42
38763,15:24:09.405,pitch,4.74,-24.39,51.34,10.0
38812,15:24:09.454,pitch,5.12,-24.81,51.07,9.65
38863,15:24:09.504,pitch,5.42,-25.18,50.98,10.85
38913,15:24:09.555,pitch,5.49,-23.67,51.38,7.99
38965,15:24:09.607,pitch,5.82,-23.51,50.99,9.09
39011,15:24:09.653,pitch,6.04,-22.04,51.32,9.62
39062,15:24:09.704,pitch,6.73,-20.18,51.5,9.13
39111,15:24:09.753,pitch,6.94,-18.71,51.61,10.04
39162,15:24:09.804,pitch,6.77,-16.66,52.13,8.96
39216,15:24:09.858,pitch,7.33,-15.26,51.82,8.36
39261,15:24:09.903,pitch,7.02,-14.15,52.46,10.08
39311,15:24:09.953,pitch,6.95,-11.52,52.71,7.89
39362,15:24:10.003,pitch,5.95,-9.81,53.26,11.93
39413,15:24:10.054,pitch,6.37,-6.68,53.85,8.41
39468,15:24:10.109,pitch,6.21,-4.69,53.61,8.58
39512,15:24:10.154,pitch,4.5,-1.96,53.94,10.15
39563,15:24:10.204,pitch,3.66,0.7,54.05,9.27
39612,15:24:10.253,pitch,2.3,2.53,54.41,10.79
39663,15:24:10.304,pitch,1.55,5.09,54.53,9.97
39716,15:24:10.358,pitch,1.26,7.63,55.1,10.08
39762,15:24:10.403,pitch,1.83,10.3,55.56,8.8
39812,15:24:10.454,pitch,1.5,12.76,55.85,9.21
39862,15:24:10.503,pitch,1.0,15.59,56.15,8.83
39913,15:24:10.554,pitch,0.8,18.02,56.38,9.6
39966,15:24:10.608,pitch,0.48,20.58,56.84,9.15
40012,15:24:10.654,pitch,0.32,22.45,56.98,9.72
40062,15:24:10.704,pitch,-1.3,24.37,56.6,9.78
40112,15:24:10.753,pitch,-1.78,26.37,56.49,9.24
40163,15:24:10.804,pitch,-1.62,27.45,56.52,9.36
40216,15:24:10.858,pitch,-1.26,27.92,56.74,10.47
40262,15:24:10.903,pitch,-0.34,28.83,56.98,8.8
40313,15:24:10.954,pitch,-0.64,28.9,56.87,9.63
40362,15:24:11.003,pitch,-0.64,29.28,56.8,8.54
40413,15:24:11.054,pitch,-0.77,29.31,56.67,8.61
40465,15:24:11.107,pitch,-1.11,28.59,56.34,9.83
40512,15:24:11.153,pitch,-1.11,28.32,56.16,8.97
40563,15:24:11.205,pitch,-0.91,27.25,56.1,8.4
40612,15:24:11.254,pitch,-0.79,24.59,55.73,11.27
40663,15:24:11.304,pitch,-0.57,22.11,55.89,8.38
40717,15:24:11.359,pitch,0.11,19.43,55.69,3.87
40762,15:24:11.404,pitch,0.13,14.02,55.39,11.95
40812,15:24:11.454,pitch,1.14,13.42,55.61,5.55
40861,15:24:11.502,pitch,0.34,10.02,55.23,9.89
40912,15:24:11.554,pitch,0.44,9.03,55.27,6.12
40960,15:24:11.602,pitch,0.26,4.22,54.51,8.73
41014,15:24:11.655,pitch,1.11,3.81,54.67,6.16
41064,15:24:11.705,pitch,1.09,0.33,54.67,12.03
41111,15:24:11.752,pitch,2.18,-1.37,55.09,8.2
41164,15:24:11.805,pitch,2.26,-4.97,54.94,12.05
41216,15:24:11.858,pitch,3.08,-6.57,55.09,9.34
41263,15:24:11.904,pitch,2.89,-10.51,54.2,15.51
41314,15:24:11.955,pitch,2.97,-10.44,54.88,9.94
41362,15:24:12.003,pitch,2.87,-12.22,54.93,10.22
41413,15:24:12.055,pitch,2.8,-13.1,54.95,8.18
41461,15:24:12.102,pitch,2.79,-15.63,54.67,8.57
41513,15:24:12.155,pitch,3.53,-18.02,54.24,9.99
41563,15:24:12.205,pitch,3.37,-20.69,54.5,12.31
41611,15:24:12.253,pitch,3.36,-21.85,54.12,9.83
41663,15:24:12.305,pitch,2.65,-23.6,54.18,11.45
41711,15:24:12.352,pitch,2.35,-23.37,53.69,10.82
41763,15:24:12.405,pitch,1.74,-23.84,53.79,9.9
41813,15:24:12.455,pitch,1.55,-23.84,53.47,9.14
41862,15:24:12.504,pitch,1.46,-23.69,53.68,9.32
41913,15:24:12.555,pitch,1.27,-23.03,53.6,9.63
41962,15:24:12.603,pitch,0.52,-22.17,53.15,9.69
42013,15:24:12.655,pitch,-0.79,-18.71,52.73,9.53
42064,15:24:12.705,pitch,-1.47,-15.91,52.87,10.76
42111,15:24:12.752,pitch,-2.55,-11.5,53.0,7.75
42163,15:24:12.805,pitch,-3.51,-9.53,52.96,10.82
42211,15:24:12.853,pitch,-4.06,-5.96,53.07,9.09
42263,15:24:12.905,pitch,-4.61,-2.13,53.2,8.38
42314,15:24:12.956,pitch,-4.34,-0.41,53.26,11.17
42363,15:24:13.005,pitch,-4.67,3.94,53.9,7.44
42413,15:24:13.055,pitch,-4.43,5.29,53.82,10.46
42462,15:24:13.104,pitch,-4.52,7.91,53.48,11.55
42514,15:24:13.156,pitch,-4.0,13.85,53.64,5.12
42564,15:24:13.206,pitch,-4.2,15.24,53.43,9.78
42611,15:24:13.253,pitch,-3.33,19.41,53.63,6.27
42663,15:24:13.305,pitch,-4.07,21.18,53.44,10.12
42711,15:24:13.353,pitch,-3.94,22.87,53.67,6.85
42764,15:24:13.406,pitch,-3.54,25.99,53.54,7.44
42814,15:24:13.456,pitch,-3.87,24.38,52.92,12.28
42861,15:24:13.503,pitch,-2.74,25.69,53.07,6.41
42911,15:24:13.553,pitch,-2.3,24.57,52.88,9.17
42962,15:24:13.604,pitch,-2.04,23.56,52.56,8.14
43011,15:24:13.653,pitch,-1.8,21.56,52.26,9.87
43065,15:24:13.706,pitch,-1.36,19.58,52.36,9.1
43111,15:24:13.753,pitch,-0.72,16.78,52.55,10.04
43161,15:24:13.803,pitch,-0.32,12.4,53.01,11.94
43211,15:24:13.853,pitch,0.33,11.19,53.23,11.79
43261,15:24:13.903,pitch,0.18,5.69,53.24,12.63
43314,15:24:13.956,pitch,0.78,5.77,53.57,4.4
43361,15:24:14.003,pitch,0.63,1.22,53.33,11.07
43411,15:24:14.053,pitch,1.45,0.4,53.49,6.86
43460,15:24:14.102,pitch,1.51,-2.68,53.41,10.99
43511,15:24:14.153,pitch,1.82,-4.06,53.21,9.03
43566,15:24:14.208,pitch,1.83,-5.88,53.11,9.27
43610,15:24:14.252,pitch,2.04,-8.23,53.26,8.41
43661,15:24:14.302,pitch,2.05,-10.54,53.18,10.09
43710,15:24:14.352,pitch,1.92,-12.07,53.28,9.3
43762,15:24:14.403,pitch,1.5,-14.15,52.94,10.28
43813,15:24:14.454,pitch,1.24,-14.69,52.82,8.19
43861,15:24:14.502,pitch,1.06,-16.04,52.71,9.71
43912,15:24:14.553,pitch,1.0,-16.02,52.7,9.56
43960,15:24:14.602,pitch,0.87,-16.31,52.64,9.08
44012,15:24:14.653,pitch,0.8,-15.23,52.66,9.57
44065,15:24:14.707,pitch,0.18,-14.22,52.6,11.14
44111,15:24:14.753,pitch,-0.65,-10.97,52.73,10.0
44161,15:24:14.803,pitch,-1.33,-9.83,52.66,12.2
44211,15:24:14.853,pitch,-1.83,-5.35,52.85,10.15
44262,15:24:14.903,pitch,-2.33,-4.27,53.31,11.5
44314,15:24:14.956,pitch,-1.86,-0.65,53.62,8.56
44361,15:24:15.002,pitch,-1.81,1.35,54.07,10.57
44412,15:24:15.053,pitch,-1.92,4.39,54.8,9.22
44461,15:24:15.103,pitch,-2.23,6.68,55.04,10.07
44511,15:24:15.153,pitch,-2.77,8.78,55.2,9.9
44564,15:24:15.205,pitch,-3.28,11.77,55.54,8.55
44611,15:24:15.253,pitch,-4.04,12.89,55.39,12.73
44662,15:24:15.303,pitch,-5.12,15.89,55.67,9.21
44711,15:24:15.353,pitch,-5.83,17.83,55.76,11.99
44762,15:24:15.403,pitch,-6.49,20.9,56.83,8.32
44815,15:24:15.456,pitch,-7.22,23.8,57.1,6.95
44862,15:24:15.504,pitch,-8.04,24.89,57.07,10.74
44912,15:24:15.554,pitch,-8.84,26.91,57.16,9.07
44961,15:24:15.603,pitch,-9.61,28.2,57.14,10.68
45012,15:24:15.653,pitch,-10.39,29.38,56.97,10.26
45066,15:24:15.708,pitch,-10.1,30.56,56.86,9.03
45111,15:24:15.753,pitch,-10.1,30.08,56.76,10.42
45162,15:24:15.803,pitch,-9.6,30.5,56.8,8.75
45211,15:24:15.853,pitch,-9.6,30.16,56.75,11.14
45262,15:24:15.903,pitch,-9.48,29.05,56.8,10.04
45315,15:24:15.956,pitch,-10.13,29.7,56.52,6.15
45362,15:24:16.003,pitch,-10.35,25.23,56.38,14.52
45412,15:24:16.054,pitch,-10.76,25.47,56.23,5.89
45462,15:24:16.103,pitch,-10.74,21.15,55.81,18.02
45512,15:24:16.154,pitch,-10.9,20.73,55.45,4.5
45567,15:24:16.208,pitch,-10.4,14.48,54.76,10.25
45614,15:24:16.255,pitch,-10.13,14.38,55.22,2.79
45662,15:24:16.304,pitch,-9.2,9.65,54.74,11.89
45712,15:24:16.354,pitch,-9.08,8.39,54.67,4.49
45762,15:24:16.404,pitch,-8.74,4.98,54.37,10.31
45815,15:24:16.457,pitch,-8.13,2.2,54.67,8.59
45862,15:24:16.504,pitch,-7.55,-2.35,54.21,15.35
45912,15:24:16.553,pitch,-7.38,-2.25,54.49,6.47
45963,15:24:16.604,pitch,-6.6,-6.24,54.21,12.52
46013,15:24:16.655,pitch,-5.4,-8.87,54.05,7.49
46067,15:24:16.709,pitch,-4.48,-13.04,53.16,11.33
46112,15:24:16.754,pitch,-3.97,-14.36,53.04,8.58
46162,15:24:16.803,pitch,-3.19,-16.55,53.06,8.84
46212,15:24:16.853,pitch,-2.83,-19.41,52.87,10.11
46263,15:24:16.904,pitch,-2.26,-21.31,52.57,9.84
46314,15:24:16.956,pitch,-2.11,-23.01,52.45,10.87
46361,15:24:17.002,pitch,-1.7,-23.72,52.05,11.66
46411,15:24:17.053,pitch,-1.89,-23.95,52.38,9.35
46461,15:24:17.103,pitch,-1.83,-24.62,52.04,11.07
46512,15:24:17.154,pitch,-2.06,-24.35,52.14,7.75
46566,15:24:17.207,pitch,-1.49,-25.66,51.43,10.03
46611,15:24:17.253,pitch,-1.49,-25.16,51.54,8.03
46661,15:24:17.303,pitch,-1.25,-25.19,51.26,10.67
46712,15:24:17.353,pitch,-1.65,-23.87,51.4,8.94
46762,15:24:17.404,pitch,-2.3,-21.17,51.45,11.09
46815,15:24:17.457,pitch,-2.97,-17.95,52.43,11.77
46862,15:24:17.503,pitch,-2.7,-13.25,52.89,9.71
46912,15:24:17.554,pitch,-3.3,-11.54,52.69,11.23
46963,15:24:17.604,pitch,-4.09,-8.51,52.72,9.74
47012,15:24:17.654,pitch,-5.36,-3.62,53.01,6.23
47065,15:24:17.706,pitch,-6.57,-2.52,52.83,11.23
47110,15:24:17.752,pitch,-7.7,2.04,53.16,6.59
47162,15:24:17.803,pitch,-8.29,4.78,53.65,9.85
47211,15:24:17.853,pitch,-9.08,8.39,53.63,8.67
47262,15:24:17.904,pitch,-9.26,10.92,53.8,9.84
47310,15:24:17.951,pitch,-9.0,14.0,53.61,11.02
47362,15:24:18.004,pitch,-9.2,16.43,53.63,7.16
47412,15:24:18.053,pitch,-9.49,20.63,53.59,6.2
47461,15:24:18.102,pitch,-9.7,21.13,53.87,10.74
47513,15:24:18.154,pitch,-10.2,23.59,54.15,6.94
47566,15:24:18.207,pitch,-10.33,24.7,54.49,7.62
47611,15:24:18.252,pitch,-10.26,24.87,54.91,9.06
47661,15:24:18.303,pitch,-10.74,26.71,54.98,7.4
47711,15:24:18.353,pitch,-10.58,25.81,55.42,10.64
47762,15:24:18.404,pitch,-10.86,27.15,55.32,7.29
47811,15:24:18.452,pitch,-10.98,27.1,55.24,12.22
47862,15:24:18.504,pitch,-11.11,26.71,55.16,9.13
47912,15:24:18.553,pitch,-11.06,27.96,55.19,7.48
47961,15:24:18.603,pitch,-11.06,26.57,55.08,10.91
48012,15:24:18.654,pitch,-11.5,27.12,54.78,7.77
48066,15:24:18.707,pitch,-12.08,26.3,54.38,8.14
48113,15:24:18.754,pitch,-12.97,24.33,54.02,6.49
48162,15:24:18.804,pitch,-12.4,22.75,53.89,7.26
48211,15:24:18.853,pitch,-12.13,17.85,54.25,5.06
48262,15:24:18.904,pitch,-12.31,17.14,53.65,9.18
48310,15:24:18.952,pitch,-12.28,11.69,53.85,3.44
48362,15:24:19.004,pitch,-11.4,12.75,53.67,8.46
48412,15:24:19.054,pitch,-11.43,7.38,53.77,14.91
48461,15:24:19.103,pitch,-10.62,7.84,53.94,7.52
48512,15:24:19.154,pitch,-10.37,3.48,53.96,12.39
48561,15:24:19.203,pitch,-9.06,2.11,53.69,8.56
48612,15:24:19.254,pitch,-8.16,-1.47,53.6,13.29
48665,15:24:19.306,pitch,-7.05,-5.07,53.57,12.2
48712,15:24:19.354,pitch,-5.52,-6.07,53.18,9.63
48762,15:24:19.404,pitch,-5.12,-11.12,52.66,15.42
48811,15:24:19.453,pitch,-4.35,-10.65,52.52,9.05
48863,15:24:19.504,pitch,-4.02,-13.31,52.73,10.14
48913,15:24:19.554,pitch,-3.47,-14.7,52.53,8.25
48960,15:24:19.601,pitch,-3.15,-17.26,52.46,9.24
52029,15:24:22.671,yaw,-2.55,-18.97,51.99,10.8
52062,15:24:22.703,yaw,-3.6,2.75,66.48,10.19
52114,15:24:22.755,yaw,-3.69,2.21,69.93,10.19
52159,15:24:22.800,yaw,-3.76,2.31,73.52,9.29
52214,15:24:22.855,yaw,-3.53,1.68,75.86,9.99
52261,15:24:22.903,yaw,-3.49,0.86,78.12,9.59
52311,15:24:22.952,yaw,-3.12,0.32,80.42,10.6
52364,15:24:23.006,yaw,-4.11,0.0,82.71,9.13
52409,15:24:23.050,yaw,-5.1,-0.17,86.34,10.73
52464,15:24:23.106,yaw,-6.4,1.33,89.68,10.49
52511,15:24:23.153,yaw,-6.54,0.76,91.47,10.5
52562,15:24:23.203,yaw,-6.65,2.01,93.26,9.94
52612,15:24:23.253,yaw,-5.39,2.46,94.0,9.43
52665,15:24:23.306,yaw,-4.13,2.59,95.16,9.67
52709,15:24:23.350,yaw,-4.3,2.88,96.89,10.15
52762,15:24:23.403,yaw,-3.79,3.03,98.1,9.38
52811,15:24:23.453,yaw,-4.32,1.91,99.1,9.33
52861,15:24:23.503,yaw,-4.78,0.81,101.65,9.62
52915,15:24:23.556,yaw,-4.59,-0.6,105.88,9.06
52959,15:24:23.600,yaw,-3.38,-2.22,107.96,11.08
53012,15:24:23.654,yaw,-3.97,-1.82,108.86,9.01
53061,15:24:23.703,yaw,-4.14,-1.94,109.59,10.01
53112,15:24:23.754,yaw,-3.99,-2.69,110.16,9.19
53165,15:24:23.807,yaw,-3.3,-3.01,110.88,9.54
53211,15:24:23.852,yaw,-2.41,-3.61,111.31,9.54
53265,15:24:23.906,yaw,-1.7,-2.53,113.07,10.17
53311,15:24:23.952,yaw,-1.48,-0.19,115.14,9.77
53360,15:24:24.001,yaw,-1.18,1.68,116.95,8.89
53414,15:24:24.055,yaw,0.13,2.51,118.38,10.39
53461,15:24:24.103,yaw,-1.1,4.32,119.73,8.97
53511,15:24:24.153,yaw,-1.12,4.32,120.97,10.77
53561,15:24:24.202,yaw,0.48,6.07,122.71,9.36
53612,15:24:24.254,yaw,3.34,9.27,122.33,9.21
53666,15:24:24.307,yaw,3.87,8.87,122.37,9.78
53711,15:24:24.353,yaw,3.24,7.97,122.43,10.04
53761,15:24:24.403,yaw,2.44,7.07,122.86,10.24
53812,15:24:24.454,yaw,1.53,6.93,123.08,9.79
53861,15:24:24.503,yaw,0.1,7.01,125.24,8.86
53909,15:24:24.550,yaw,-1.24,5.68,128.01,9.31
53962,15:24:24.603,yaw,-2.69,5.43,130.74,9.14
54013,15:24:24.655,yaw,-3.73,4.57,133.75,11.03
54061,15:24:24.703,yaw,-4.0,4.65,137.06,8.2
54110,15:24:24.751,yaw,-4.22,4.65,139.48,10.77
54167,15:24:24.808,yaw,-4.23,4.97,142.82,9.28
54211,15:24:24.852,yaw,-4.07,4.95,145.53,10.85
54264,15:24:24.905,yaw,-2.94,4.33,147.98,10.58
54309,15:24:24.951,yaw,-2.7,4.72,150.87,10.14
54362,15:24:25.004,yaw,-2.57,4.83,153.79,9.02
54415,15:24:25.056,yaw,-2.37,4.34,156.54,9.99
54461,15:24:25.103,yaw,-2.3,4.57,159.27,9.52
54509,15:24:25.151,yaw,-1.86,4.65,162.26,9.48
54562,15:24:25.204,yaw,-1.62,5.26,165.02,9.53
54612,15:24:25.253,yaw,-1.64,5.97,167.64,9.77
54664,15:24:25.306,yaw,-1.62,6.6,170.18,9.3
54709,15:24:25.351,yaw,-1.58,7.02,172.62,10.14
54763,15:24:25.405,yaw,-1.57,7.83,175.3,8.87
54810,15:24:25.452,yaw,-1.17,7.57,177.76,9.58
54862,15:24:25.504,yaw,-0.82,8.47,-179.93,8.68
54911,15:24:25.552,yaw,-0.07,8.14,-177.87,9.36
54960,15:24:25.602,yaw,0.65,8.01,-175.87,9.39
55015,15:24:25.657,yaw,1.31,8.63,-173.69,8.85
55062,15:24:25.704,yaw,1.99,8.43,-172.06,9.76
55112,15:24:25.753,yaw,2.61,8.08,-170.2,9.69
55164,15:24:25.806,yaw,3.13,7.76,-168.41,8.56
55212,15:24:25.854,yaw,3.86,6.58,-166.95,10.61
55260,15:24:25.901,yaw,4.2,6.43,-165.09,9.92
55313,15:24:25.954,yaw,4.55,6.39,-163.39,9.61
55363,15:24:26.004,yaw,4.96,5.94,-161.75,9.87
55414,15:24:26.056,yaw,5.09,6.13,-160.25,9.17
55461,15:24:26.102,yaw,5.31,5.61,-158.9,9.03
55515,15:24:26.157,yaw,5.31,5.22,-157.6,9.72
55562,15:24:26.204,yaw,5.15,4.6,-156.2,9.12
55613,15:24:26.254,yaw,5.15,4.47,-154.96,10.23
55660,15:24:26.302,yaw,5.53,4.34,-153.82,8.72
55713,15:24:26.355,yaw,6.03,3.9,-152.83,10.69
55765,15:24:26.407,yaw,6.46,4.63,-151.39,8.98
55812,15:24:26.453,yaw,7.15,4.48,-150.1,9.59
55862,15:24:26.504,yaw,7.6,5.63,-148.35,8.2
55911,15:24:26.553,yaw,8.38,5.2,-146.96,9.07
55961,15:24:26.603,yaw,8.84,6.45,-144.78,9.9
56009,15:24:26.651,yaw,8.84,6.45,-144.78,8.06
56061,15:24:26.703,yaw,10.02,6.97,-141.12,8.7
56111,15:24:26.753,yaw,10.65,6.76,-139.54,10.71
56160,15:24:26.802,yaw,11.03,8.21,-137.47,9.93
56211,15:24:26.853,yaw,11.69,7.16,-136.22,9.79
56264,15:24:26.906,yaw,11.69,7.16,-136.22,8.25
56311,15:24:26.952,yaw,12.65,6.92,-133.17,9.54
56363,15:24:27.005,yaw,13.06,7.38,-131.33,8.26
56411,15:24:27.053,yaw,13.59,5.91,-130.08,8.8
56462,15:24:27.104,yaw,13.66,6.03,-128.54,9.61
56515,15:24:27.157,yaw,13.66,6.03,-128.54,10.48
56561,15:24:27.203,yaw,13.17,6.48,-126.43,11.51
56615,15:24:27.257,yaw,12.49,7.19,-127.91,9.9
56661,15:24:27.303,yaw,11.93,8.26,-127.61,9.86
56714,15:24:27.356,yaw,12.09,7.37,-126.45,9.16
56765,15:24:27.407,yaw,12.09,7.37,-126.45,9.18
56811,15:24:27.452,yaw,11.95,8.04,-125.99,9.86
56865,15:24:27.506,yaw,11.41,9.29,-125.98,9.8
56911,15:24:27.552,yaw,11.41,9.29,-125.98,7.43
56966,15:24:27.607,yaw,10.87,9.57,-125.51,9.53
57016,15:24:27.657,yaw,10.4,9.46,-125.31,9.51
57062,15:24:27.703,yaw,9.58,9.51,-125.18,9.67
57115,15:24:27.757,yaw,8.79,9.49,-124.87,9.37
57160,15:24:27.801,yaw,8.79,9.49,-124.87,10.27
57215,15:24:27.856,yaw,7.76,10.04,-124.21,9.73
57257,15:24:27.898,yaw,7.76,10.04,-124.21,10.02
57316,15:24:27.958,yaw,7.27,10.44,-123.83,8.7
57365,15:24:28.007,yaw,6.97,10.49,-123.91,8.99
57407,15:24:28.048,yaw,6.97,10.49,-123.91,9.72
57466,15:24:28.108,yaw,7.02,10.07,-123.18,10.24
57507,15:24:28.149,yaw,7.02,10.07,-123.18,9.86
57567,15:24:28.209,yaw,7.56,9.75,-122.55,9.17
57616,15:24:28.258,yaw,8.04,9.46,-122.14,8.61
57657,15:24:28.299,yaw,8.04,9.46,-122.14,10.18
57716,15:24:28.358,yaw,8.73,8.52,-121.62,9.23
57757,15:24:28.399,yaw,8.73,8.52,-121.62,9.86
57817,15:24:28.458,yaw,8.43,5.69,-119.82,8.62
57866,15:24:28.507,yaw,7.6,4.98,-119.31,9.26
57907,15:24:28.549,yaw,7.6,4.98,-119.31,9.17
57967,15:24:28.608,yaw,5.23,2.03,-119.45,10.27
58007,15:24:28.649,yaw,5.23,2.03,-119.45,9.38
58067,15:24:28.709,yaw,4.79,-0.45,-118.75,9.87
58116,15:24:28.757,yaw,3.89,-0.95,-116.58,9.91
58157,15:24:28.799,yaw,3.89,-0.95,-116.58,10.16
58217,15:24:28.858,yaw,4.54,-0.89,-115.18,9.21
58257,15:24:28.899,yaw,4.54,-0.89,-115.18,11.39
58317,15:24:28.959,yaw,5.24,0.23,-112.17,8.9
58366,15:24:29.008,yaw,6.2,1.43,-111.32,8.62
58412,15:24:29.053,yaw,6.2,1.43,-111.32,9.29
58466,15:24:29.108,yaw,7.48,0.84,-109.21,8.52
58507,15:24:29.149,yaw,7.48,0.84,-109.21,10.2
58567,15:24:29.209,yaw,7.69,0.63,-106.96,9.36
58617,15:24:29.258,yaw,7.42,-0.27,-105.72,10.72
58658,15:24:29.299,yaw,7.42,-0.27,-105.72,8.81
58717,15:24:29.358,yaw,6.96,-1.1,-103.77,9.12
58758,15:24:29.399,yaw,6.96,-1.1,-103.77,8.53
58818,15:24:29.460,yaw,5.92,-2.01,-100.66,9.79
58865,15:24:29.507,yaw,4.32,-3.68,-96.94,9.43
58908,15:24:29.549,yaw,4.32,-3.68,-96.94,10.84
58968,15:24:29.609,yaw,3.2,-4.95,-91.15,9.01
59007,15:24:29.649,yaw,3.2,-4.95,-91.15,10.93
59068,15:24:29.709,yaw,2.83,-5.25,-88.19,9.47
59117,15:24:29.758,yaw,3.02,-4.76,-87.64,9.55
59157,15:24:29.799,yaw,3.02,-4.76,-87.64,8.87
59217,15:24:29.858,yaw,2.77,-5.61,-85.64,10.15
59257,15:24:29.899,yaw,2.77,-5.61,-85.64,9.27
59317,15:24:29.959,yaw,1.15,-6.74,-81.59,10.18
59366,15:24:30.008,yaw,0.43,-6.98,-79.56,9.75
59407,15:24:30.049,yaw,0.43,-6.98,-79.56,9.59
59467,15:24:30.109,yaw,-0.57,-7.2,-75.45,9.39
59507,15:24:30.149,yaw,-0.57,-7.2,-75.45,9.3
59567,15:24:30.209,yaw,-1.02,-7.79,-72.84,9.95
59617,15:24:30.258,yaw,-1.0,-7.76,-71.9,9.68
59658,15:24:30.299,yaw,-1.0,-7.76,-71.9,9.72
59717,15:24:30.359,yaw,-2.77,-7.69,-68.22,9.62
59757,15:24:30.399,yaw,-2.77,-7.69,-68.22,9.52
59817,15:24:30.459,yaw,-3.3,-7.56,-66.1,9.1
59866,15:24:30.508,yaw,-3.43,-7.77,-65.74,9.5
59908,15:24:30.550,yaw,-3.43,-7.77,-65.74,9.75
59968,15:24:30.610,yaw,-4.82,-7.74,-63.7,9.6
60008,15:24:30.650,yaw,-4.82,-7.74,-63.7,9.62
60069,15:24:30.710,yaw,-6.08,-5.76,-61.41,10.47
60117,15:24:30.759,yaw,-5.58,-5.37,-60.6,9.54
60158,15:24:30.800,yaw,-5.58,-5.37,-60.6,9.79
60218,15:24:30.860,yaw,-3.75,-5.28,-58.53,8.87
60267,15:24:30.909,yaw,-3.75,-5.28,-58.53,9.91
60308,15:24:30.950,yaw,-3.1,-5.96,-57.55,9.91
60364,15:24:31.006,yaw,-3.31,-6.08,-53.54,9.37
60408,15:24:31.050,yaw,-3.31,-6.08,-53.54,10.28
60467,15:24:31.108,yaw,-5.13,-4.01,-45.67,7.79
60508,15:24:31.150,yaw,-5.13,-4.01,-45.67,10.19
60568,15:24:31.210,yaw,-8.36,-2.37,-36.75,8.82
60615,15:24:31.257,yaw,-9.22,-0.93,-34.58,8.89
60658,15:24:31.300,yaw,-9.22,-0.93,-34.58,9.19
60718,15:24:31.360,yaw,-8.54,-1.08,-33.09,10.28
60758,15:24:31.400,yaw,-8.54,-1.08,-33.09,9.06
60818,15:24:31.460,yaw,-7.07,-2.27,-33.24,9.89
60866,15:24:31.507,yaw,-6.47,-3.29,-32.7,10.33
60908,15:24:31.550,yaw,-6.47,-3.29,-32.7,9.59
60970,15:24:31.611,yaw,-5.75,-4.06,-31.1,9.31
61009,15:24:31.650,yaw,-5.75,-4.06,-31.1,9.47
61069,15:24:31.710,yaw,-4.44,-5.17,-30.08,10.79
61115,15:24:31.756,yaw,-4.44,-5.17,-30.08,8.55
61159,15:24:31.800,yaw,-4.23,-4.72,-29.44,10.09
61217,15:24:31.858,yaw,-2.57,-5.57,-29.01,10.24
61259,15:24:31.900,yaw,-2.57,-5.57,-29.01,10.49
61318,15:24:31.960,yaw,-2.3,-5.59,-26.68,8.37
61361,15:24:32.003,yaw,-2.3,-5.59,-26.68,10.27
61415,15:24:32.057,yaw,-3.78,-5.59,-22.87,8.72
61465,15:24:32.107,yaw,-3.78,-5.59,-22.87,9.54
61509,15:24:32.150,yaw,-3.65,-5.86,-22.02,9.37
61568,15:24:32.209,yaw,-2.16,-6.25,-21.1,9.42
61611,15:24:32.253,yaw,-2.16,-6.25,-21.1,11.22
61666,15:24:32.308,yaw,-3.02,-5.36,-17.52,8.95
61715,15:24:32.357,yaw,-3.02,-5.36,-17.52,10.43
61759,15:24:32.400,yaw,-2.97,-6.14,-16.21,9.85
61818,15:24:32.460,yaw,-3.25,-6.36,-14.92,9.83
61861,15:24:32.503,yaw,-3.25,-6.36,-14.92,9.53
61911,15:24:32.553,yaw,-3.56,-6.56,-13.93,9.95
61966,15:24:32.608,yaw,-3.23,-7.05,-11.9,9.49
62008,15:24:32.650,yaw,-3.23,-7.05,-11.9,10.34
62069,15:24:32.710,yaw,-3.96,-7.09,-9.31,9.41
62111,15:24:32.753,yaw,-3.96,-7.09,-9.31,9.38
62166,15:24:32.807,yaw,-2.75,-7.21,-8.71,10.18
62210,15:24:32.852,yaw,-3.85,-7.58,-7.14,9.76
62270,15:24:32.911,yaw,-4.18,-7.93,-4.63,9.02
62307,15:24:32.949,yaw,-4.18,-7.93,-4.63,9.68
62367,15:24:33.009,yaw,-5.25,-8.28,-2.38,10.87
62407,15:24:33.049,yaw,-5.25,-8.28,-2.38,9.31
62467,15:24:33.109,yaw,-4.73,-8.58,-1.34,9.99
62507,15:24:33.149,yaw,-4.73,-8.58,-1.34,9.51
62567,15:24:33.209,yaw,-5.55,-9.75,0.67,9.98
62611,15:24:33.253,yaw,-5.55,-9.75,0.67,9.64
62660,15:24:33.302,yaw,-5.32,-9.16,1.62,9.98
62712,15:24:33.353,yaw,-6.14,-8.49,3.12,10.01
62761,15:24:33.403,yaw,-6.47,-6.95,4.85,9.58
62812,15:24:33.454,yaw,-7.55,-5.79,6.99,9.43
62862,15:24:33.504,yaw,-7.57,-4.48,7.76,9.11
62911,15:24:33.552,yaw,-7.88,-4.18,8.48,8.92
62962,15:24:33.604,yaw,-6.37,-5.57,8.23,9.47
63011,15:24:33.653,yaw,-8.6,-6.47,10.2,9.3
63062,15:24:33.704,yaw,-6.63,-7.34,9.48,9.55
63111,15:24:33.753,yaw,-8.47,-6.25,10.67,8.26
63161,15:24:33.802,yaw,-7.91,-6.91,11.52,10.9
63211,15:24:33.853,yaw,-8.57,-4.31,11.97,8.45
63261,15:24:33.903,yaw,-9.56,-3.88,12.93,9.98
63312,15:24:33.954,yaw,-9.35,-3.05,13.1,10.54
63363,15:24:34.004,yaw,-9.97,-2.4,13.82,9.48
63411,15:24:34.052,yaw,-10.38,-1.89,15.44,10.62
63462,15:24:34.103,yaw,-12.73,-0.15,18.21,8.22
63512,15:24:34.153,yaw,-13.61,-1.27,21.37,10.8
63562,15:24:34.203,yaw,-11.05,-0.24,21.92,10.6
63612,15:24:34.253,yaw,-9.47,-0.84,22.08,9.72
63661,15:24:34.303,yaw,-11.48,-1.01,23.32,9.3
63712,15:24:34.353,yaw,-11.91,-1.26,24.91,9.81
63761,15:24:34.403,yaw,-12.58,-0.74,26.22,9.08
63812,15:24:34.454,yaw,-11.42,-1.72,26.49,9.83
63862,15:24:34.504,yaw,-10.18,-1.29,26.46,9.6
63912,15:24:34.554,yaw,-9.23,-0.88,26.69,9.41
63963,15:24:34.605,yaw,-8.73,-0.0,26.99,9.03
64012,15:24:34.654,yaw,-8.5,-0.61,27.5,9.86
64062,15:24:34.704,yaw,-9.16,-1.07,28.57,9.72
64112,15:24:34.754,yaw,-6.69,-1.07,27.64,9.9
64162,15:24:34.803,yaw,-6.33,-1.01,27.95,9.29
64212,15:24:34.854,yaw,-5.29,-1.72,28.71,9.83
64262,15:24:34.903,yaw,-5.08,-2.13,30.13,9.89
64312,15:24:34.954,yaw,-5.73,-1.84,31.42,9.52
64362,15:24:35.004,yaw,-6.48,-2.25,31.91,9.84
64412,15:24:35.054,yaw,-7.41,-2.47,32.63,9.69
64462,15:24:35.104,yaw,-7.78,-2.51,32.92,9.65
64512,15:24:35.154,yaw,-8.68,-2.38,33.43,9.6
64562,15:24:35.204,yaw,-9.6,-2.05,34.14,9.74
64612,15:24:35.254,yaw,-9.91,-2.34,34.97,9.98
64662,15:24:35.304,yaw,-10.52,-2.49,35.9,9.83
64712,15:24:35.354,yaw,-10.92,-2.34,36.45,9.26
64762,15:24:35.404,yaw,-11.14,-2.98,38.32,9.73
64813,15:24:35.454,yaw,-11.28,-3.37,39.03,9.76
64863,15:24:35.504,yaw,-11.33,-3.47,40.07,9.49
64912,15:24:35.554,yaw,-11.29,-4.07,41.57,9.84
64963,15:24:35.605,yaw,-11.58,-4.4,43.78,9.94
65013,15:24:35.654,yaw,-11.71,-4.48,45.49,9.71
65063,15:24:35.705,yaw,-11.99,-4.8,46.99,9.89
65113,15:24:35.755,yaw,-12.31,-4.84,48.26,9.57
65162,15:24:35.804,yaw,-12.67,-5.07,48.86,9.61
65213,15:24:35.855,yaw,-13.26,-5.21,49.81,9.7
65262,15:24:35.904,yaw,-13.91,-5.3,50.89,9.54
65313,15:24:35.954,yaw,-14.26,-5.64,51.57,9.69
65365,15:24:36.006,yaw,-14.98,-5.81,52.64,10.0
65412,15:24:36.053,yaw,-15.77,-5.93,53.58,9.49
65463,15:24:36.104,yaw,-16.16,-6.05,54.37,10.18
65512,15:24:36.153,yaw,-16.63,-5.88,55.25,9.78
65562,15:24:36.204,yaw,-16.76,-6.11,56.16,9.69
65614,15:24:36.256,yaw,-16.86,-6.27,56.96,9.49
65662,15:24:36.304,yaw,-17.22,-6.28,57.43,10.04
65713,15:24:36.355,yaw,-17.44,-6.23,57.79,9.64
65763,15:24:36.405,yaw,-17.53,-6.25,58.11,9.75
65813,15:24:36.454,yaw,-17.68,-6.14,58.82,9.68
65864,15:24:36.506,yaw,-17.81,-6.15,59.38,9.87
65912,15:24:36.553,yaw,-18.03,-6.18,59.45,9.81
65963,15:24:36.604,yaw,-18.27,-6.14,59.58,9.72
66012,15:24:36.654,yaw,-18.46,-6.02,60.05,9.55
66063,15:24:36.704,yaw,-18.61,-6.02,60.17,9.61
66115,15:24:36.757,yaw,-18.9,-6.04,60.25,9.63
66162,15:24:36.804,yaw,-18.94,-6.03,60.17,9.76
66213,15:24:36.854,yaw,-19.0,-6.16,60.09,9.7
66262,15:24:36.904,yaw,-18.96,-6.12,60.24,9.66
66314,15:24:36.956,yaw,-18.72,-6.13,59.83,9.71
66366,15:24:37.007,yaw,-17.07,-6.24,59.04,9.96
66413,15:24:37.054,yaw,-14.23,-6.26,58.63,9.78
66463,15:24:37.104,yaw,-11.78,-6.14,58.78,9.55
66512,15:24:37.153,yaw,-9.7,-6.25,58.78,9.74
66562,15:24:37.204,yaw,-8.6,-6.16,58.86,9.68
66615,15:24:37.257,yaw,-7.91,-6.06,58.92,9.68
66662,15:24:37.303,yaw,-7.07,-6.03,58.45,9.64
66713,15:24:37.354,yaw,-5.95,-6.02,57.81,9.55
66762,15:24:37.404,yaw,-4.9,-5.93,57.38,9.44
66812,15:24:37.454,yaw,-4.73,-5.93,57.4,9.61
66865,15:24:37.507,yaw,-5.01,-5.84,57.13,9.64
66914,15:24:37.555,yaw,-5.63,-5.34,56.27,9.83
66963,15:24:37.605,yaw,-6.17,-5.25,54.88,10.44
70033,15:24:40.675,shake,-7.02,-3.99,52.56,17.01
70058,15:24:40.700,shake,-7.02,-3.99,52.56,19.86
70117,15:24:40.759,shake,6.83,3.73,53.04,15.43
70163,15:24:40.804,shake,14.76,1.67,47.63,12.44
70213,15:24:40.855,shake,4.61,5.7,53.7,13.79
70261,15:24:40.903,shake,10.4,0.92,49.06,15.64
70314,15:24:40.955,shake,3.17,-0.34,53.22,12.72
70361,15:24:41.003,shake,8.81,6.91,50.77,11.12
70414,15:24:41.056,shake,6.68,-0.69,51.75,20.29
70463,15:24:41.105,shake,5.41,-0.58,50.65,12.06
70513,15:24:41.155,shake,10.56,1.86,49.31,11.29
70564,15:24:41.206,shake,-3.23,-1.28,55.99,13.27
70618,15:24:41.259,shake,15.89,0.17,45.02,9.6
70663,15:24:41.305,shake,3.74,1.29,51.83,22.51
70714,15:24:41.356,shake,5.21,-7.1,46.94,17.49
70764,15:24:41.405,shake,9.2,3.52,45.9,6.65
70814,15:24:41.455,shake,0.59,-2.47,49.24,15.44
70862,15:24:41.503,shake,5.38,-1.62,45.01,13.66
70914,15:24:41.555,shake,-5.02,1.89,50.56,16.4
70964,15:24:41.605,shake,-0.87,-6.86,46.49,16.24
71012,15:24:41.653,shake,0.7,-1.12,46.46,10.28
71065,15:24:41.706,shake,-7.53,-5.94,50.98,15.41
71112,15:24:41.753,shake,4.86,-2.42,44.53,15.01
71164,15:24:41.806,shake,-5.57,0.57,50.76,15.49
71216,15:24:41.858,shake,5.63,-3.69,43.39,14.88
71263,15:24:41.905,shake,5.26,0.81,44.45,11.24
71315,15:24:41.956,shake,3.58,2.32,44.87,14.9
71363,15:24:42.004,shake,9.47,-5.46,41.0,19.02
71415,15:24:42.056,shake,-1.58,6.39,48.2,11.0
71465,15:24:42.107,shake,6.9,9.22,42.92,10.69
71513,15:24:42.155,shake,5.91,-15.91,42.24,24.63
71565,15:24:42.206,shake,-1.27,3.64,47.61,5.92
71612,15:24:42.254,shake,2.47,0.4,45.54,11.48
71664,15:24:42.306,shake,-0.48,3.55,46.57,6.46
71713,15:24:42.355,shake,6.15,-5.22,42.32,16.29
71762,15:24:42.404,shake,-0.41,-0.99,45.89,6.25
71813,15:24:42.455,shake,4.75,2.73,43.85,16.43
71862,15:24:42.504,shake,-1.7,-2.72,46.92,16.31
71913,15:24:42.555,shake,6.09,5.09,42.75,16.97
71964,15:24:42.605,shake,2.53,-6.43,45.2,19.64
72012,15:24:42.654,shake,3.86,8.05,46.51,9.74
72065,15:24:42.707,shake,10.9,-15.57,39.89,23.24
72112,15:24:42.754,shake,1.18,0.2,46.94,9.63
72162,15:24:42.804,shake,8.89,1.85,43.29,13.53
72214,15:24:42.855,shake,3.5,-1.05,45.7,14.08
72262,15:24:42.904,shake,10.29,-0.56,42.1,15.4
72313,15:24:42.954,shake,6.43,-4.97,43.76,12.29
72361,15:24:43.003,shake,8.33,13.08,46.61,6.23
72412,15:24:43.054,shake,17.64,-13.36,36.08,29.56
72463,15:24:43.105,shake,0.32,1.08,49.56,12.56
72511,15:24:43.153,shake,14.75,7.65,42.8,18.91
72563,15:24:43.204,shake,11.19,-13.55,40.79,16.94
72611,15:24:43.253,shake,5.57,5.97,48.25,7.83
72661,15:24:43.303,shake,15.72,-6.62,40.52,20.21
72716,15:24:43.358,shake,-2.1,2.85,51.6,9.72
72761,15:24:43.403,shake,11.07,0.41,42.63,24.35
72811,15:24:43.453,shake,12.37,-18.76,39.7,19.04
72862,15:24:43.503,shake,-3.28,8.64,54.42,18.74
72913,15:24:43.554,shake,18.07,0.18,40.62,21.19
72966,15:24:43.608,shake,2.46,-7.56,48.82,16.34
73011,15:24:43.653,shake,8.91,-1.15,45.8,16.4
73063,15:24:43.704,shake,11.35,-0.28,45.45,16.86
73112,15:24:43.753,shake,2.36,4.45,51.93,14.45
73162,15:24:43.804,shake,24.41,-5.2,38.31,18.14
73216,15:24:43.858,shake,2.21,-5.01,50.98,18.43
73263,15:24:43.905,shake,10.62,-0.64,45.03,15.45
73312,15:24:43.954,shake,11.02,11.04,47.38,17.72
73361,15:24:44.003,shake,6.4,-9.02,45.51,21.21
73412,15:24:44.054,shake,12.55,1.71,42.65,5.44
73465,15:24:44.107,shake,6.05,0.58,46.47,19.3
73512,15:24:44.154,shake,18.23,-6.12,37.97,15.56
73562,15:24:44.204,shake,3.88,5.5,50.03,19.15
73612,15:24:44.254,shake,12.5,-13.09,36.88,24.93
73663,15:24:44.304,shake,21.8,2.22,37.28,13.18
73715,15:24:44.356,shake,-9.01,-0.62,54.87,18.65
73762,15:24:44.404,shake,30.97,-12.44,25.75,34.65
73812,15:24:44.454,shake,17.31,-7.56,35.38,28.5
73862,15:24:44.504,shake,-19.82,-9.24,56.96,26.75
73913,15:24:44.554,shake,43.72,-5.04,18.86,32.13
73965,15:24:44.607,shake,7.9,-14.53,37.19,25.9
74012,15:24:44.654,shake,-2.48,-8.55,45.51,7.4
74063,15:24:44.704,shake,23.14,-0.16,31.13,14.73
74112,15:24:44.754,shake,1.29,-11.44,40.01,19.43
74163,15:24:44.804,shake,20.03,2.12,31.97,9.25
74215,15:24:44.857,shake,4.33,-8.42,38.32,18.26
74263,15:24:44.904,shake,10.49,-3.81,34.39,8.6
74313,15:24:44.955,shake,14.0,5.49,36.18,19.6
74363,15:24:45.004,shake,15.66,-21.45,27.38,28.58
74413,15:24:45.054,shake,6.85,1.09,36.35,14.78
74465,15:24:45.106,shake,13.33,9.75,35.45,24.69
74513,15:24:45.154,shake,18.95,-22.25,21.45,28.89
74562,15:24:45.204,shake,8.82,4.47,34.0,10.27
74613,15:24:45.254,shake,27.29,-5.96,16.87,20.63
74663,15:24:45.305,shake,19.11,-9.1,19.28,15.27
74716,15:24:45.357,shake,24.12,10.36,24.87,14.9
74763,15:24:45.404,shake,34.6,-4.48,7.68,24.4
74813,15:24:45.455,shake,19.27,6.69,25.62,15.54
74863,15:24:45.505,shake,30.97,10.04,20.09,12.68
74914,15:24:45.555,shake,30.08,-3.24,15.7,16.69
74966,15:24:45.607,shake,22.59,14.73,35.82,7.27
75013,15:24:45.655,shake,35.33,-0.46,18.6,24.32
75062,15:24:45.704,shake,22.58,1.11,28.43,14.09
75112,15:24:45.754,shake,29.61,6.07,29.41,8.25
75162,15:24:45.804,shake,27.29,-4.19,27.72,19.82
75216,15:24:45.858,shake,16.88,7.01,41.42,9.11
75262,15:24:45.904,shake,40.85,1.11,25.57,25.5
75314,15:24:45.955,shake,18.24,-5.35,37.48,29.89
75362,15:24:46.004,shake,3.23,-0.65,46.76,16.5
75412,15:24:46.054,shake,49.88,-0.25,17.67,26.1
75466,15:24:46.108,shake,9.27,-4.65,44.77,32.46
75513,15:24:46.155,shake,5.39,-7.01,44.2,15.55
75563,15:24:46.204,shake,44.99,0.78,20.8,11.22
75612,15:24:46.254,shake,-4.03,-2.31,50.33,30.35
75663,15:24:46.305,shake,17.92,-5.45,32.89,31.22
75716,15:24:46.358,shake,27.02,-1.72,28.29,25.42
75763,15:24:46.405,shake,-13.44,-6.61,52.93,24.68
75812,15:24:46.453,shake,19.71,1.21,30.86,20.66
75863,15:24:46.505,shake,7.48,-6.77,36.68,18.45
75913,15:24:46.555,shake,-7.27,-2.86,46.32,4.28
75966,15:24:46.607,shake,20.81,7.8,31.9,17.48
76013,15:24:46.655,shake,0.88,-16.28,38.57,26.26
76063,15:24:46.704,shake,10.35,-3.07,34.41,9.42
76113,15:24:46.755,shake,8.58,15.31,42.08,14.02
76163,15:24:46.805,shake,9.45,-14.5,32.98,30.9
76216,15:24:46.858,shake,4.76,-0.68,38.14,22.51
76263,15:24:46.905,shake,10.18,26.6,45.33,7.5
76312,15:24:46.953,shake,11.02,-16.38,31.84,33.94
76362,15:24:47.004,shake,3.3,-8.92,38.34,13.0
76412,15:24:47.054,shake,10.39,11.5,39.63,5.42
76466,15:24:47.108,shake,8.7,-7.74,35.31,11.95
76512,15:24:47.154,shake,13.09,1.24,35.71,6.52
76562,15:24:47.204,shake,12.1,-9.06,34.0,19.6
76612,15:24:47.254,shake,10.26,-2.07,36.41,8.38
76663,15:24:47.305,shake,15.16,8.75,38.54,11.31
76716,15:24:47.357,shake,14.45,-13.96,32.71,16.25
76763,15:24:47.405,shake,13.15,10.94,42.68,7.35
76812,15:24:47.454,shake,20.78,9.05,41.73,21.13
76864,15:24:47.506,shake,22.28,-18.95,31.21,29.11
76914,15:24:47.556,shake,12.97,6.4,48.19,12.52
76966,15:24:47.608,shake,22.53,2.83,39.34,26.16
77012,15:24:47.654,shake,20.07,-8.85,36.8,15.92
77062,15:24:47.704,shake,19.49,17.56,54.96,6.36
77113,15:24:47.755,shake,26.11,-9.11,35.97,27.81
77163,15:24:47.805,shake,10.49,-11.16,45.23,18.71
77216,15:24:47.857,shake,17.37,19.15,53.41,14.05
77263,15:24:47.905,shake,19.51,-6.71,40.3,25.37
77313,15:24:47.954,shake,5.19,-10.9,48.07,12.06
77364,15:24:48.006,shake,16.54,11.85,47.88,8.56
77413,15:24:48.055,shake,16.71,-8.93,41.37,25.23
77466,15:24:48.108,shake,4.53,-9.11,48.99,3.97
77512,15:24:48.154,shake,17.58,18.8,49.34,12.1
77563,15:24:48.205,shake,10.91,-5.87,45.37,27.68
77613,15:24:48.255,shake,10.83,-16.01,42.79,21.04
77663,15:24:48.305,shake,17.22,18.22,49.26,6.92
77716,15:24:48.358,shake,8.57,-1.45,48.52,25.59
77762,15:24:48.404,shake,18.7,-15.28,38.38,20.72
77813,15:24:48.454,shake,17.24,13.11,49.64,18.12
77862,15:24:48.504,shake,7.41,-2.65,47.41,18.73
77913,15:24:48.555,shake,25.91,-8.34,32.55,19.61
77962,15:24:48.603,shake,15.17,10.95,51.53,11.94
78013,15:24:48.655,shake,4.16,-7.24,49.0,19.65
78063,15:24:48.705,shake,33.18,-8.09,27.74,16.42
78112,15:24:48.754,shake,9.87,2.84,49.23,21.64
78164,15:24:48.805,shake,-5.32,-12.05,52.34,19.15
78216,15:24:48.858,shake,26.91,-0.4,31.66,5.97
78262,15:24:48.904,shake,3.9,8.82,50.99,26.26
78313,15:24:48.955,shake,-0.54,-7.68,46.41,30.18
78363,15:24:49.004,shake,29.76,-7.44,25.77,28.11
78413,15:24:49.055,shake,-12.77,8.33,57.6,37.75
78462,15:24:49.104,shake,-0.4,5.3,45.44,12.66
78513,15:24:49.155,shake,34.43,-23.01,13.99,40.55
78563,15:24:49.205,shake,-11.56,-5.95,53.12,31.08
78612,15:24:49.254,shake,-2.06,13.38,47.6,6.29
78664,15:24:49.305,shake,15.27,-16.04,33.08,29.46
78712,15:24:49.354,shake,-10.16,-10.89,52.03,22.42
78763,15:24:49.404,shake,6.6,9.19,43.6,17.85
78814,15:24:49.455,shake,4.21,-14.3,43.21,23.36
78863,15:24:49.504,shake,-8.7,3.36,52.75,15.15
78913,15:24:49.555,shake,16.32,-5.75,37.93,24.79
78962,15:24:49.604,shake,-1.27,-16.95,49.16,24.23
79014,15:24:49.655,shake,2.46,7.32,50.67,8.87
79064,15:24:49.705,shake,14.45,-12.17,40.36,24.28
79113,15:24:49.754,shake,-8.48,-6.18,58.09,22.3
79164,15:24:49.805,shake,12.32,7.44,47.37,22.76
79212,15:24:49.853,shake,11.25,-18.32,43.84,24.64
79264,15:24:49.906,shake,-9.31,-0.22,60.54,18.26
79314,15:24:49.956,shake,23.31,-4.41,40.36,30.07
79363,15:24:50.005,shake,5.22,-23.71,48.91,25.63
79414,15:24:50.056,shake,-6.88,5.07,60.77,5.19
79462,15:24:50.104,shake,18.99,3.7,45.65,22.38
79514,15:24:50.156,shake,-1.53,-21.18,56.03,26.96
79564,15:24:50.205,shake,1.19,0.17,56.09,15.96
79613,15:24:50.255,shake,16.01,-0.43,47.96,12.75
79664,15:24:50.306,shake,-5.24,-16.62,59.22,18.95
79713,15:24:50.354,shake,14.39,2.37,49.62,11.96
79764,15:24:50.405,shake,4.93,-8.94,53.83,23.08
79814,15:24:50.456,shake,-1.3,-15.86,56.28,13.6
79861,15:24:50.503,shake,18.93,9.85,48.98,18.03
79914,15:24:50.556,shake,-3.5,-8.06,59.46,25.91
79963,15:24:50.605,shake,15.43,-19.76,43.28,24.05
83028,15:24:53.670,still_end,13.47,0.66,49.55,7.67
83066,15:24:53.708,still_end,17.54,-2.21,57.78,8.18
83112,15:24:53.753,still_end,20.4,-1.76,59.69,9.5
83163,15:24:53.804,still_end,23.46,-1.12,61.22,10.49
83212,15:24:53.854,still_end,29.7,1.68,60.23,8.86
83263,15:24:53.904,still_end,29.65,0.77,60.24,11.15
83315,15:24:53.956,still_end,33.47,3.76,59.73,7.35
83363,15:24:54.004,still_end,38.63,4.91,59.28,10.1
83413,15:24:54.054,still_end,39.04,6.58,60.03,6.19
83463,15:24:54.104,still_end,35.62,3.42,57.87,12.95
83513,15:24:54.155,still_end,36.54,3.96,57.36,9.63
83566,15:24:54.207,still_end,35.54,3.72,56.82,9.07
83613,15:24:54.254,still_end,31.45,2.61,56.24,10.15
83663,15:24:54.304,still_end,30.63,1.29,56.66,10.64
83712,15:24:54.354,still_end,30.9,-0.28,58.53,8.2
83763,15:24:54.404,still_end,26.34,-2.86,62.83,10.61
83815,15:24:54.457,still_end,18.42,-4.07,63.44,12.04
83863,15:24:54.504,still_end,14.1,-4.11,64.37,9.07
83916,15:24:54.557,still_end,12.36,-3.58,64.85,9.46
83963,15:24:54.604,still_end,11.27,-3.41,65.15,9.47
84013,15:24:54.655,still_end,9.53,-3.36,65.35,9.67
84068,15:24:54.709,still_end,9.45,-3.19,66.34,9.55
84113,15:24:54.755,still_end,9.43,-2.38,66.39,9.54
84166,15:24:54.808,still_end,9.18,-0.59,63.99,9.6
84213,15:24:54.855,still_end,9.26,0.86,60.49,9.85
84263,15:24:54.905,still_end,9.94,0.48,56.76,9.61
84316,15:24:54.958,still_end,10.02,-0.88,55.61,9.46
84363,15:24:55.005,still_end,8.26,-0.76,55.43,9.63
84415,15:24:55.057,still_end,9.12,-0.68,56.41,9.49
84463,15:24:55.105,still_end,9.88,0.08,58.03,9.48
84513,15:24:55.155,still_end,9.61,0.52,59.28,9.6
84567,15:24:55.209,still_end,9.4,1.02,59.77,9.57
84614,15:24:55.255,still_end,9.15,1.62,59.92,9.55
84666,15:24:55.308,still_end,9.01,1.97,59.99,9.52
84713,15:24:55.355,still_end,8.88,1.94,59.88,9.66
84764,15:24:55.406,still_end,8.16,1.87,59.88,9.44
84816,15:24:55.458,still_end,7.75,1.77,59.79,9.42
84864,15:24:55.505,still_end,7.92,1.73,59.87,9.56
84914,15:24:55.556,still_end,8.08,1.76,59.89,9.52
84963,15:24:55.604,still_end,7.9,1.8,59.78,9.49
85013,15:24:55.654,still_end,8.07,1.9,59.81,9.61
85061,15:24:55.703,still_end,7.9,1.93,59.75,9.49
85113,15:24:55.754,still_end,7.95,1.97,59.76,9.57
85165,15:24:55.806,still_end,7.93,1.96,59.75,9.56
85213,15:24:55.854,still_end,7.93,2.02,59.72,9.57
85264,15:24:55.905,still_end,7.85,2.05,59.7,9.56
85312,15:24:55.954,still_end,7.7,2.1,59.68,9.56
85364,15:24:56.005,still_end,7.69,2.11,59.66,9.56
85416,15:24:56.058,still_end,7.67,2.11,59.65,9.56
85463,15:24:56.105,still_end,7.71,2.13,59.67,9.53
85513,15:24:56.155,still_end,7.73,2.14,59.67,9.56
85562,15:24:56.204,still_end,7.7,2.17,59.67,9.5
85614,15:24:56.255,still_end,7.69,2.18,59.66,9.56
85665,15:24:56.306,still_end,7.65,2.16,59.64,9.56
85713,15:24:56.354,still_end,7.57,2.15,59.64,9.51
85763,15:24:56.404,still_end,7.6,2.21,59.63,9.56
85812,15:24:56.453,still_end,7.56,2.22,59.63,9.52
85863,15:24:56.505,still_end,7.55,2.26,59.63,9.56
85916,15:24:56.557,still_end,7.51,2.27,59.61,9.56
85964,15:24:56.605,still_end,7.44,2.29,59.59,9.54
86014,15:24:56.655,still_end,7.41,2.31,59.58,9.56
86062,15:24:56.704,still_end,7.44,2.31,59.58,9.52
86113,15:24:56.754,still_end,7.44,2.35,59.59,9.56
86166,15:24:56.807,still_end,7.46,2.36,59.58,9.52
86212,15:24:56.853,still_end,7.44,2.37,59.59,9.56
86263,15:24:56.904,still_end,7.43,2.39,59.59,9.56
86312,15:24:56.953,still_end,7.44,2.41,59.58,9.52
86363,15:24:57.004,still_end,7.44,2.42,59.59,9.56
86413,15:24:57.055,still_end,7.47,2.42,59.59,9.55
86463,15:24:57.104,still_end,7.47,2.44,59.59,9.52
86514,15:24:57.155,still_end,7.47,2.44,59.6,9.55
86562,15:24:57.204,still_end,7.48,2.46,59.61,9.56
86614,15:24:57.256,still_end,7.5,2.47,59.61,9.52
86664,15:24:57.305,still_end,7.5,2.47,59.61,9.55
86713,15:24:57.354,still_end,7.44,2.48,59.6,9.56
86763,15:24:57.405,still_end,7.46,2.49,59.61,9.55
86813,15:24:57.454,still_end,7.44,2.48,59.6,9.56
86863,15:24:57.505,still_end,7.4,2.49,59.6,9.56
86916,15:24:57.558,still_end,7.41,2.48,59.59,9.55
86963,15:24:57.604,still_end,7.38,2.47,59.58,9.56
87013,15:24:57.655,still_end,7.38,2.5,59.59,9.54
87063,15:24:57.704,still_end,7.35,2.5,59.59,9.55
87114,15:24:57.755,still_end,7.31,2.51,59.59,9.54
87167,15:24:57.808,still_end,7.32,2.51,59.59,9.55
87214,15:24:57.855,still_end,7.34,2.5,59.59,9.55
87264,15:24:57.905,still_end,7.32,2.51,59.59,9.55
87313,15:24:57.954,still_end,7.34,2.49,59.59,9.58
87363,15:24:58.005,still_end,7.33,2.5,59.58,9.52
87417,15:24:58.059,still_end,7.28,2.52,59.59,9.55
87463,15:24:58.104,still_end,7.32,2.53,59.58,9.55
87514,15:24:58.155,still_end,7.32,2.53,59.58,9.51
87563,15:24:58.204,still_end,7.32,2.53,59.59,9.55
87614,15:24:58.255,still_end,7.3,2.53,59.6,9.55
87667,15:24:58.308,still_end,7.27,2.53,59.6,9.51
87713,15:24:58.354,still_end,7.24,2.54,59.59,9.55
87764,15:24:58.405,still_end,7.24,2.54,59.59,9.54
87813,15:24:58.455,still_end,7.29,2.54,59.58,9.55
87864,15:24:58.505,still_end,7.28,2.54,59.58,9.55
87918,15:24:58.559,still_end,7.27,2.54,59.58,9.55
87963,15:24:58.604,still_end,7.3,2.53,59.58,9.56
88014,15:24:58.655,still_end,7.28,2.54,59.58,9.55
88063,15:24:58.704,still_end,7.28,2.55,59.58,9.55
88114,15:24:58.755,still_end,7.29,2.54,59.58,9.54
88167,15:24:58.809,still_end,7.3,2.55,59.58,9.55
88213,15:24:58.855,still_end,7.3,2.54,59.58,9.55
88264,15:24:58.905,still_end,7.3,2.53,59.58,9.54
88313,15:24:58.955,still_end,7.29,2.52,59.57,9.54
88364,15:24:59.006,still_end,7.31,2.52,59.58,9.55
88418,15:24:59.060,still_end,7.27,2.54,59.58,9.55
88463,15:24:59.105,still_end,7.29,2.52,59.59,9.54
88514,15:24:59.156,still_end,7.27,2.52,59.57,9.55
88563,15:24:59.205,still_end,7.28,2.52,59.58,9.54
88614,15:24:59.255,still_end,7.26,2.52,59.58,9.55
88667,15:24:59.309,still_end,7.25,2.52,59.6,9.54
88713,15:24:59.355,still_end,7.27,2.52,59.6,9.55
88764,15:24:59.405,still_end,7.25,2.53,59.6,9.54
88813,15:24:59.455,still_end,7.24,2.52,59.6,9.55
88865,15:24:59.506,still_end,7.27,2.52,59.6,9.54
88918,15:24:59.560,still_end,7.24,2.52,59.6,9.55
88962,15:24:59.604,still_end,7.25,2.52,59.6,9.54
89014,15:24:59.656,still_end,7.29,2.52,59.6,9.55
89064,15:24:59.705,still_end,7.25,2.52,59.6,9.56
89113,15:24:59.755,still_end,7.21,2.51,59.59,9.58
89167,15:24:59.808,still_end,7.21,2.51,59.59,9.55
89214,15:24:59.855,still_end,7.21,2.5,59.59,9.51
89264,15:24:59.906,still_end,7.25,2.5,59.59,9.58
89313,15:24:59.954,still_end,7.31,2.5,59.58,9.55
89364,15:25:00.006,still_end,7.29,2.49,59.6,9.55
89418,15:25:00.060,still_end,7.25,2.47,59.6,9.54
89464,15:25:00.105,still_end,7.25,2.47,59.59,9.55
89513,15:25:00.155,still_end,7.22,2.47,59.6,9.55
89563,15:25:00.204,still_end,7.24,2.47,59.62,9.54
89614,15:25:00.256,still_end,7.24,2.47,59.6,9.56
89669,15:25:00.310,still_end,7.21,2.47,59.61,9.55
89713,15:25:00.355,still_end,7.21,2.48,59.6,9.54
89763,15:25:00.405,still_end,7.22,2.49,59.61,9.55
89813,15:25:00.454,still_end,7.21,2.5,59.62,9.54
89864,15:25:00.506,still_end,7.21,2.49,59.62,9.55
89917,15:25:00.558,still_end,7.18,2.5,59.63,9.58
89964,15:25:00.605,still_end,7.18,2.49,59.67,9.56
90014,15:25:00.656,still_end,7.28,2.49,59.7,9.54
90063,15:25:00.704,still_end,7.33,2.49,59.69,9.55
90114,15:25:00.756,still_end,7.33,2.48,59.71,9.55
90168,15:25:00.809,still_end,7.34,2.48,59.72,9.55
90212,15:25:00.854,still_end,7.34,2.46,59.72,9.55
90264,15:25:00.906,still_end,7.33,2.45,59.72,9.55
90314,15:25:00.955,still_end,7.36,2.47,59.73,9.58
90365,15:25:01.007,still_end,7.39,2.46,59.73,9.59
90417,15:25:01.059,still_end,7.38,2.46,59.75,9.55
90462,15:25:01.104,still_end,7.41,2.45,59.76,9.55
90514,15:25:01.155,still_end,7.46,2.45,59.77,9.56
90564,15:25:01.205,still_end,7.47,2.44,59.77,9.52
90614,15:25:01.256,still_end,7.41,2.42,59.76,9.55
90667,15:25:01.308,still_end,7.37,2.43,59.78,9.54
90712,15:25:01.354,still_end,7.39,2.43,59.77,9.56
90762,15:25:01.403,still_end,7.42,2.43,59.77,9.55
90812,15:25:01.454,still_end,7.4,2.44,59.78,9.55
90865,15:25:01.507,still_end,7.42,2.44,59.77,9.56
90918,15:25:01.559,still_end,7.4,2.44,59.77,9.56
90962,15:25:01.604,still_end,7.39,2.43,59.78,9.55
91013,15:25:01.654,still_end,7.38,2.43,59.77,9.56
91063,15:25:01.705,still_end,7.4,2.43,59.79,9.55
91114,15:25:01.755,still_end,7.4,2.44,59.79,9.56
91166,15:25:01.808,still_end,7.42,2.42,59.8,9.55
91212,15:25:01.854,still_end,7.41,2.43,59.8,9.55
91262,15:25:01.904,still_end,7.42,2.43,59.8,9.55
91312,15:25:01.954,still_end,7.4,2.43,59.8,9.55
91363,15:25:02.005,still_end,7.41,2.43,59.81,9.54
91416,15:25:02.058,still_end,7.39,2.43,59.8,9.55
91462,15:25:02.104,still_end,7.42,2.42,59.8,9.56
91513,15:25:02.155,still_end,7.41,2.42,59.81,9.54
91561,15:25:02.203,still_end,7.42,2.42,59.8,9.55
91613,15:25:02.254,still_end,7.4,2.43,59.81,9.56
91667,15:25:02.308,still_end,7.39,2.42,59.81,9.55
91712,15:25:02.353,still_end,7.38,2.41,59.81,9.55
91762,15:25:02.404,still_end,7.33,2.42,59.8,9.55
91812,15:25:02.453,still_end,7.31,2.42,59.8,9.55
91863,15:25:02.504,still_end,7.36,2.43,59.83,9.56
91916,15:25:02.558,still_end,7.38,2.42,59.84,9.55
91962,15:25:02.603,still_end,7.4,2.43,59.84,9.55
92013,15:25:02.654,still_end,7.43,2.42,59.84,9.55
92062,15:25:02.704,still_end,7.42,2.43,59.85,9.55
92112,15:25:02.754,still_end,7.45,2.43,59.85,9.55
92166,15:25:02.808,still_end,7.44,2.43,59.85,9.55
92212,15:25:02.853,still_end,7.45,2.43,59.86,9.55
92263,15:25:02.905,still_end,7.5,2.43,59.86,9.55
92312,15:25:02.954,still_end,7.5,2.43,59.86,9.55
92362,15:25:03.003,still_end,7.48,2.42,59.86,9.51
92415,15:25:03.057,still_end,7.49,2.42,59.86,9.55
92461,15:25:03.103,still_end,7.46,2.42,59.86,9.55
92512,15:25:03.154,still_end,7.44,2.42,59.86,9.55
92562,15:25:03.203,still_end,7.43,2.42,59.85,9.52
92613,15:25:03.254,still_end,7.42,2.43,59.85,9.55
92667,15:25:03.308,still_end,7.44,2.43,59.86,9.55
92712,15:25:03.354,still_end,7.42,2.43,59.86,9.55
92765,15:25:03.406,still_end,7.45,2.43,59.87,9.56
92813,15:25:03.454,still_end,7.41,2.42,59.87,9.55
92863,15:25:03.504,still_end,7.36,2.41,59.88,9.54
92916,15:25:03.557,still_end,7.35,2.41,59.88,9.55
92963,15:25:03.604,still_end,7.36,2.41,59.88,9.55
